label,p_img,p_tab,pred_rule,abstain
1,0.435445702882472,0.9564095664493006,1,0
1,0.3922210267887497,0.9610147283984073,1,0
0,0.3829112462373872,0.04945096271798279,0,0
0,0.41740945927422674,0.05798569807230077,0,0
1,0.6034731431590873,0.9610847704475092,1,0
0,0.4010331805768135,0.05909919512894121,0,0
0,0.3848492951234609,0.44167198446280337,-1,1
1,0.4267853926673025,0.9532811861063393,1,0
0,0.39286196167777465,0.06603821153965866,0,0
0,0.4273294300668794,0.049665881300203454,0,0
1,0.5281173677212464,0.9611296624963087,1,0
0,0.4995754402621523,0.370379029733986,-1,1
1,0.5994099808700425,0.9610270545220461,1,0
0,0.4087102351701059,0.04966443913368663,0,0
0,0.41409070650273694,0.23990641402691995,0,0
1,0.4115307447264115,0.9609454465587047,1,0
1,0.4010465091498739,0.956535327746094,1,0
0,0.3459489274518364,0.04960426884031082,0,0
1,0.3840940155777782,0.9610612368424657,1,0
1,0.5198703992778183,0.9610806001077178,1,0
0,0.5131497686965694,0.05006071172190665,0,0
1,0.549516643451494,0.28681998734610137,0,0
1,0.3635144425419104,0.9606659301501285,1,0
0,0.42446181790832616,0.049463505050308505,0,0
0,0.41871396720950343,0.04949733396882925,0,0
0,0.4388858442552556,0.05508971502797862,0,0
0,0.4029283972791222,0.6703362946807929,1,0
0,0.5628449189076801,0.3259713245518943,0,0
1,0.5190696842417175,0.8555789759040731,1,0
1,0.3875748443384551,0.9610694395202699,1,0
0,0.37015268863636314,0.2768357791701977,-1,1
0,0.5626684068042265,0.09433997256033491,0,0
1,0.37044220670249617,0.9604731717725954,1,0
1,0.5584395899265289,0.9609334719179253,1,0
0,0.3719985322107095,0.5284092008534221,0,0
1,0.48677603509137746,0.7801399980027862,1,0
1,0.5431678942429771,0.8591174257733895,1,0
1,0.4786840950079263,0.9605816360973458,1,0
1,0.41727681945918726,0.6867829881341843,1,0
0,0.4286305388226695,0.1775304596799528,0,0
0,0.480755978209693,0.0640570414663416,0,0
0,0.5125491926660358,0.06141780584629001,0,0
1,0.4352937067959256,0.9609849291378424,1,0
0,0.37975021270253534,0.04993548681496639,0,0
1,0.5450302009214584,0.9303504728324514,1,0
0,0.37681529239673167,0.04987495466428256,0,0
0,0.49201122685793136,0.2162795476250571,0,0
0,0.41489429377665543,0.04944060303094004,0,0
1,0.43538468983123557,0.9607498571362605,1,0
0,0.48875182799985134,0.049519345357940024,0,0
1,0.5542260705596025,0.9609980063295138,1,0
0,0.3585783304102921,0.04955768940894931,0,0
1,0.3714668378728223,0.960872202457025,1,0
1,0.3610016216290006,0.9609778695137219,1,0
0,0.4461337497373258,0.3617595655951801,-1,1
1,0.5008066887092139,0.9605440068928739,1,0
0,0.4531482757616707,0.04978474059314438,0,0
1,0.5280641969674728,0.9610417907222059,1,0
1,0.5060012503693129,0.07557069773297372,0,0
0,0.399923747427101,0.0494626473428046,0,0
0,0.5325209690515325,0.0499013747133984,0,0
0,0.36323437090896865,0.04971837185076599,0,0
1,0.5602828614584126,0.3668142441072551,0,0
0,0.3857118340135067,0.04960891501467011,0,0
0,0.39488846502690317,0.04950088886604359,0,0
1,0.42934827815404003,0.9204253072368731,1,0
1,0.5453072056895103,0.960981984277329,1,0
0,0.3663639690144975,0.061146663726234375,0,0
1,0.36120245940031476,0.7029701163110816,1,0
0,0.43642055812022,0.0495360783911714,0,0
0,0.39439130092405905,0.09172053139040637,0,0
0,0.3913433945019023,0.22054367173630887,0,0
1,0.5124089250208871,0.9608610537709443,1,0
1,0.5834283990075254,0.9555549020700527,1,0
1,0.41703356276024744,0.9608520688815274,1,0
0,0.35323818773188287,0.049561936744423433,0,0
1,0.41320576656130464,0.8377212926032382,1,0
1,0.4591782599235451,0.9609978343266374,1,0
1,0.42591894139964126,0.9609969090242027,1,0
1,0.5746781126267564,0.9608569558333498,1,0
1,0.3945010553998925,0.9604431840163509,1,0
1,0.5860562323037105,0.9394865236748786,1,0
0,0.34894695818219784,0.05109650126173228,0,0
1,0.3856902751704352,0.9609986341736303,1,0
0,0.48111303950277706,0.049867620052000856,0,0
1,0.49393966590425803,0.9221197535159678,1,0
0,0.3624454812917132,0.04961956664128322,0,0
1,0.5919849563084895,0.22070369520946315,0,0
1,0.41414066331420135,0.1376270077010419,0,0
0,0.44452857378790905,0.04979381658202096,0,0
1,0.4085387759639915,0.9606211637848342,1,0
0,0.3603215106414675,0.049500879487094904,0,0
1,0.47783781529903463,0.7903564723937209,1,0
0,0.4559178161376707,0.04961277226510087,0,0
1,0.640180456415432,0.29053789699253185,0,0
1,0.39782746917187234,0.9609219122801367,1,0
1,0.5359516801287669,0.9611526644162748,1,0
0,0.38274188814727805,0.04963474089420077,0,0
0,0.45375048656315675,0.5271679383879527,-1,1
0,0.39457799525345894,0.04974268381116595,0,0
0,0.5585596433900298,0.0497052821439789,0,0
1,0.4893044819659369,0.9496851268465752,1,0
1,0.42519708621419344,0.9607989452396055,1,0
1,0.5349715638069745,0.960952121472777,1,0
0,0.4112817006253228,0.049433209547878096,0,0
1,0.42075923043453284,0.9610783639868359,1,0
0,0.5577218842119475,0.04959857795840794,0,0
0,0.5084743116689932,0.04980283664773065,0,0
1,0.49250316925651405,0.8246874676355918,1,0
0,0.40480310479857007,0.4062107820291194,-1,1
0,0.3786020319317337,0.049533479774154246,0,0
0,0.43694207401871193,0.060017817316357226,0,0
1,0.5609038625007372,0.9610357182294168,1,0
1,0.42592047575949654,0.8644338919762664,1,0
1,0.48585722806906395,0.9512204541915766,1,0
1,0.46150163321933346,0.9600861130167109,1,0
1,0.3690971791646099,0.9609987236726968,1,0
1,0.5728263985001607,0.9608735845039293,1,0
1,0.37402711028241337,0.9233344012843875,1,0
0,0.6265870934829699,0.04940821265667472,0,0
1,0.4353535202656812,0.7339881623440294,1,0
0,0.44402098197383155,0.04956407869543154,0,0
1,0.44238005284410686,0.9609637013234418,1,0
0,0.35706666706561363,0.04959408951787973,0,0
0,0.40406106675079473,0.10581197209295305,0,0
1,0.5389572788033198,0.9610157308659918,1,0
0,0.44683895298033943,0.4035917159317242,-1,1
0,0.4370652393368148,0.06477146404405706,0,0
1,0.4667224326077184,0.9610030306474052,1,0
1,0.5435463115365798,0.9608994028424027,1,0
0,0.4467624727271517,0.8756129328963473,1,0
1,0.3974808665241972,0.9607696880182734,1,0
1,0.4202668535606723,0.07930883406372484,0,0
1,0.4817197431076831,0.9610193941800904,1,0
1,0.5997337041772872,0.9610291208586825,1,0
0,0.49509510261459233,0.07103196018212427,0,0
0,0.6100038477339192,0.04967791283138044,0,0
1,0.6332520414287776,0.9610282256453867,1,0
0,0.3668756772060149,0.5539030599599692,0,0
1,0.3694334119122503,0.9610258537785201,1,0
0,0.5303379938024412,0.10578701517822156,0,0
0,0.5201226571062855,0.04966643923985899,0,0
1,0.3930788371508094,0.960764562325948,1,0
0,0.4062545684767016,0.06900359589537783,0,0
1,0.5372751319067943,0.959759284381972,1,0
0,0.6028958529490337,0.04952022323690761,0,0
0,0.4482614175688936,0.05013952730503049,0,0
1,0.44509679171562566,0.5374476529071133,-1,1
0,0.49245714259689427,0.049517807118407905,0,0
0,0.35594485720118324,0.049697836940687815,0,0
1,0.4236670698323592,0.9611091090501936,1,0
0,0.47335720981033114,0.049491457247683376,0,0
0,0.46686139235401697,0.36230892288613414,-1,1
0,0.4943876343519531,0.052367599070114276,0,0
1,0.5181381974638911,0.5280577475627133,-1,1
0,0.36008901785973474,0.06614311569777556,0,0
0,0.46133782405852614,0.049703670526123254,0,0
1,0.5955790291933359,0.9610199285875622,1,0
0,0.5416921026060271,0.04953148022571421,0,0
0,0.5138139230384813,0.04945426732761559,0,0
1,0.584561480867388,0.06716569208470163,0,0
0,0.44888310679223237,0.051349753769566596,0,0
0,0.550336841074303,0.05030344664081331,0,0
1,0.4036253863920855,0.9609867674443866,1,0
1,0.5650806865804303,0.961067063842716,1,0
1,0.3960096532237375,0.7364550885367243,1,0
0,0.5306387270815641,0.444703191174421,-1,1
1,0.5753210857752746,0.961049708260006,1,0
1,0.39502934180300897,0.9592726780595372,1,0
1,0.43900052259054423,0.9596096770341097,1,0
1,0.4101287538939241,0.9607268047172471,1,0
0,0.4321064513142321,0.04963354496557102,0,0
1,0.6107927313865367,0.947059074266617,1,0
0,0.531834674444931,0.050120442548534185,0,0
1,0.5601870451124044,0.87184981079714,1,0
0,0.6095257005524307,0.05008528496229745,0,0
1,0.6251721429453658,0.9507992993093988,1,0
1,0.4685958992508625,0.9594609572220347,1,0
0,0.5087011403755405,0.04968298439778734,0,0
0,0.41822920044051554,0.07857084095750884,0,0
1,0.4630850566390759,0.9531274057913016,1,0
0,0.38223014121450644,0.8821918616616358,1,0
1,0.4776566886877765,0.961061370701482,1,0
0,0.4550081909661151,0.7672537144635936,1,0
0,0.41410830744961985,0.06221529656876029,0,0
0,0.5223468781761751,0.2743642077201812,0,0
0,0.43340760414317286,0.049539572797224575,0,0
1,0.5913577657454036,0.9606189018904878,1,0
0,0.44004174695326703,0.050131026111328414,0,0
0,0.41998096609035035,0.060590300632279624,0,0
1,0.578481473659806,0.9610481094438763,1,0
1,0.5450243349912292,0.960755038512218,1,0
0,0.4617295357137142,0.049751334707994546,0,0
0,0.4292115974692052,0.07074117832269318,0,0
1,0.508253391753867,0.9610839896489244,1,0
0,0.4684920392211125,0.05612299297138233,0,0
0,0.4260190776436861,0.8139689909713392,1,0
0,0.35972051204984445,0.13879823330667673,0,0
0,0.40207370916843554,0.12867144303702233,0,0
1,0.43326026530633827,0.9605800125308249,1,0
1,0.6295098160209691,0.9605323580696572,1,0
0,0.4622412780485524,0.04947721302369769,0,0
1,0.3584017375425042,0.9608742381886068,1,0
1,0.46365465112505605,0.9609854958693608,1,0
0,0.40434696034776146,0.10269307212750485,0,0
0,0.4930725241672072,0.04990511155743501,0,0
1,0.39366446291751284,0.9609087599616402,1,0
0,0.355664720023654,0.049498487643503924,0,0
1,0.46271091156250693,0.41755956074668815,-1,1
1,0.5731949748431838,0.9610992189791612,1,0
0,0.4648080683156973,0.0497901388760356,0,0
1,0.5427154115752999,0.4080364041574812,-1,1
1,0.4485864753434307,0.9170365920499624,1,0
0,0.35230161820073974,0.0745398383395252,0,0
1,0.61855097124573,0.9603192064336856,1,0
1,0.4931915496584207,0.9607976231800435,1,0
1,0.6011979584418862,0.9608104090424044,1,0
1,0.37169296830624526,0.9606218586096147,1,0
0,0.5804633786628666,0.0867994419774166,0,0
0,0.4369571101947369,0.0495359207681951,0,0
1,0.5519384330275242,0.15533540862864928,0,0
0,0.3660947428115698,0.04997089899653868,0,0
1,0.5751348056407749,0.356612412166644,0,0
1,0.6169404653739532,0.4531327385961813,1,0
0,0.5712381164449101,0.060784553037677526,0,0
0,0.3820627071006231,0.05905890630107396,0,0
1,0.5130189160767055,0.9609495280931347,1,0
0,0.476063691517268,0.07042881566499014,0,0
1,0.45446416814014273,0.9609773043843041,1,0
1,0.5310661073872311,0.6644339784938964,-1,1
0,0.4114193749387315,0.34421450104935924,-1,1
1,0.40453424830330215,0.5504432416399142,-1,1
1,0.40862240050389076,0.9610452986136586,1,0
1,0.3747240952300478,0.32102526052140246,-1,1
1,0.5956034506694006,0.9609127051987297,1,0
1,0.5932624262152849,0.24997707907574132,0,0
0,0.43635060922543234,0.05005682369130352,0,0
0,0.39159116401735816,0.049643093864995116,0,0
0,0.39283514718839735,0.04951190426265388,0,0
0,0.3577233271191689,0.04970659795455123,0,0
1,0.5522058286028882,0.9606759840419007,1,0
0,0.3629257891917777,0.04995067455381992,0,0
0,0.48822026874184027,0.049790083803133225,0,0
0,0.49526239692298657,0.04956137777785541,0,0
0,0.5302485690391854,0.061438517510287234,0,0
1,0.5719246702319967,0.5403524209582892,-1,1
1,0.5690251930001526,0.3608386360013352,0,0
0,0.4636080158986496,0.04989920791312032,0,0
1,0.5210925389267914,0.08558127640768257,0,0
1,0.4761439822574896,0.9595284978951945,1,0
0,0.5720596761185823,0.06187456540919134,0,0
1,0.44733689739191984,0.6650018712913865,1,0
0,0.3740461613034996,0.04999496429089142,0,0
1,0.48595510974856443,0.9610702204612341,1,0
0,0.47024086590750697,0.0725977164242291,0,0
0,0.4565650597861832,0.04942309772908547,0,0
1,0.4508403643605583,0.8871545783627084,1,0
1,0.4956838934535022,0.9592293145739557,1,0
0,0.3683792582881216,0.04948291715625895,0,0
0,0.3821728480485839,0.10137534197308484,0,0
1,0.5998208336511861,0.9609230855644715,1,0
0,0.4216620597646864,0.04951603980423774,0,0
0,0.3581610339931555,0.049920077076377696,0,0
1,0.5038708251950585,0.7942384920338421,1,0
1,0.41233658335503365,0.9609963911387014,1,0
1,0.46868546141594364,0.9596973267421381,1,0
0,0.535839989920933,0.04961005923852118,0,0
1,0.5081574452314054,0.2504967960015585,0,0
0,0.434787209703297,0.7310546964119011,1,0
1,0.5987136648222762,0.10897607044416625,0,0
1,0.36507510846043956,0.9610415246588613,1,0
1,0.4460223167487001,0.8602419045600597,1,0
0,0.39928346119339075,0.9248768185594585,1,0
1,0.42756030647151366,0.9601102601866285,1,0
1,0.3882458388276911,0.9607349151274056,1,0
0,0.5183261838451931,0.0496756459200154,0,0
0,0.415436647934103,0.049467681846027206,0,0
0,0.41232405020115914,0.05019746583417244,0,0
1,0.3796339098760987,0.960994017340892,1,0
1,0.4441171054326759,0.9417761246349834,1,0
0,0.580392562553516,0.27402102644745935,0,0
1,0.5011435890342884,0.960772707786408,1,0
0,0.3823890525878241,0.049447103569349296,0,0
1,0.4150351456356073,0.96102952438675,1,0
0,0.46137892678554293,0.10248563482078953,0,0
1,0.5112346196867639,0.9538847881094634,1,0
0,0.375584282686331,0.04971938406205456,0,0
0,0.5313912011528601,0.23993750389358479,0,0
1,0.4410184599393742,0.9578958504777453,1,0
0,0.5087722945067197,0.04964312796555332,0,0
0,0.45501921568383635,0.06488080321405958,0,0
0,0.523628902303923,0.05007994277639753,0,0
1,0.45434695871219827,0.3303416559047274,-1,1
0,0.3702007870156611,0.049517776447680475,0,0
0,0.3617495861756423,0.24863018870872466,-1,1
0,0.36468625404422966,0.5537339281304743,0,0
1,0.5841123976026326,0.8968981255895397,1,0
1,0.5956584293188161,0.9609715677643043,1,0
1,0.36895323150793763,0.4159875607188725,-1,1
1,0.5416943497430079,0.1149422380390395,0,0
1,0.4489369521751758,0.9610178969521961,1,0
1,0.6183374542617067,0.9592986367971588,1,0
0,0.4060553600848808,0.049549886563490526,0,0
0,0.395863339318224,0.0787086251170477,0,0
1,0.43842928440308887,0.37117690988380414,-1,1
1,0.3959463517879997,0.9604659162328826,1,0
1,0.438614506714079,0.9611199332652177,1,0
0,0.4695968040753382,0.04984757132412311,0,0
0,0.39401531234743514,0.04955550513272126,0,0
0,0.44457073904651173,0.04964532298250058,0,0
0,0.5678961795276704,0.05748858623822424,0,0
1,0.5893894846633714,0.9608619278644915,1,0
1,0.5528010776275629,0.8862315445277,1,0
1,0.48514142277417066,0.9610390788066036,1,0
1,0.4659530417896203,0.9610401188693927,1,0
1,0.4889579035663347,0.9610429659915948,1,0
1,0.5164150381998568,0.9609098471202068,1,0
1,0.40357647876906566,0.9609656900368458,1,0
1,0.5855828112546717,0.6735036606716392,-1,1
0,0.3791119246958161,0.049526117162342134,0,0
0,0.4183600423761118,0.3685062434070592,-1,1
0,0.3581159577044426,0.049558658579016604,0,0
0,0.3532376946481735,0.0976286578916312,0,0
0,0.42655522757826714,0.3182052281465318,-1,1
1,0.37906628585346064,0.910059808677871,1,0
1,0.47245758198806703,0.961097275596769,1,0
1,0.4689837197378209,0.9593481049205024,1,0
1,0.4026578579290011,0.9610259331524906,1,0
1,0.48374271786806133,0.9610306090431858,1,0
1,0.4863114183650759,0.9610430493447348,1,0
0,0.5579125006523246,0.18663676273150503,0,0
1,0.49259948154519295,0.38930087547742076,-1,1
1,0.3971789022537662,0.9609164276174688,1,0
0,0.38397210531489334,0.48893499544780467,-1,1
1,0.39136476907610873,0.9568814376581166,1,0
0,0.4401098856435363,0.04951304711419863,0,0
0,0.4040211484878206,0.10437349845078098,0,0
0,0.4410426771470003,0.04983042072573985,0,0
0,0.5729779331089274,0.7679337076218626,1,0
1,0.37037886742107956,0.9608229345896416,1,0
0,0.405844540341926,0.06774223039695429,0,0
0,0.47377169365077637,0.07266072003407796,0,0
0,0.580052217504894,0.04950224061423133,0,0
1,0.5625151647332369,0.5267194394923536,-1,1
1,0.4860104685242129,0.935472167141011,1,0
1,0.42670398465094506,0.2032190767410458,0,0
1,0.5130615583414073,0.8636254708833506,1,0
1,0.41701336484597623,0.9567997674944932,1,0
0,0.46296029599929306,0.34090497566798905,-1,1
0,0.37797747194796855,0.2394155398052416,-1,1
1,0.49664242897322747,0.9610605830786225,1,0
0,0.41863759317190113,0.05136827153696929,0,0
0,0.42719719183723215,0.04948197432902062,0,0
0,0.5978643891721197,0.04951331153380776,0,0
1,0.37174771713911176,0.9385766178688008,1,0
0,0.4502732490956655,0.050269378745118505,0,0
0,0.3566057565257349,0.04949894956996031,0,0
1,0.529022801795231,0.9610379956031143,1,0
1,0.4324657810351514,0.06619835472522778,0,0
1,0.500136480139482,0.09473416507946318,0,0
0,0.5976346434186951,0.04957925299926975,0,0
0,0.46608751507020924,0.5873563532181207,-1,1
0,0.3733045468257204,0.13399350325613615,0,0
0,0.3749930677187819,0.5030247966594034,-1,1
0,0.4478063301281108,0.04963742689262608,0,0
1,0.41140713103215587,0.961102323383716,1,0
0,0.4848571560749241,0.05314388178607607,0,0
0,0.6057643501120956,0.48426485985950624,-1,1
1,0.6478028188841153,0.9610367723698248,1,0
0,0.4935419953264516,0.04956181701980892,0,0
1,0.4660416900645969,0.3354406557861831,-1,1
1,0.5290630170219803,0.16119037583960427,0,0
1,0.5041783656125737,0.9607270706890414,1,0
0,0.3788905427102891,0.3018492706647661,-1,1
0,0.4350662869811732,0.05174397363799458,0,0
1,0.3731585343771686,0.9608614997514896,1,0
1,0.5411510221798828,0.9610019046903923,1,0
1,0.3781172414292035,0.9606203613953955,1,0
0,0.47946251627886743,0.04949354752628247,0,0
0,0.4332825003226532,0.05097388118588,0,0
0,0.3584959334865633,0.05634815943846315,0,0
0,0.4515186581662301,0.04946509106747125,0,0
0,0.36295419195532375,0.13407959932481095,0,0
0,0.39687742138111776,0.1251765142172133,0,0
1,0.45632974227256184,0.9610500979093891,1,0
0,0.4309706650299579,0.04952984048563151,0,0
1,0.3656241439303363,0.9608584483752446,1,0
0,0.38581981068802795,0.05299815472546927,0,0
1,0.5182985340863757,0.8568713632299311,1,0
0,0.415934733949005,0.06506402493246217,0,0
0,0.4059673557205798,0.04940821265667472,0,0
0,0.3656921663749527,0.04961033430341456,0,0
1,0.4680263269270488,0.9608401261055258,1,0
0,0.37966767559503684,0.07710864695233184,0,0
1,0.3840951401960252,0.9326364967534069,1,0
0,0.5049127491688977,0.04947432082972414,0,0
0,0.38358493391637666,0.12291779123257382,0,0
1,0.478356394404791,0.9609599390039727,1,0
1,0.5319381916818249,0.7922702707563724,1,0
1,0.4189667948064869,0.9610343485360208,1,0
1,0.5963003344353961,0.9608144814972218,1,0
1,0.6343131566968734,0.93826919319427,1,0
0,0.41964959803291046,0.04947859383526054,0,0
1,0.6066190464097357,0.9608979682306686,1,0
1,0.5291173695186039,0.29963708978129167,0,0
1,0.43924438086608664,0.9597339914320947,1,0
1,0.6151994796990128,0.9584430456837383,1,0
1,0.43434442369615567,0.9609350593078009,1,0
1,0.6210814960742386,0.9605608587594305,1,0
0,0.3689405095524901,0.0797079946913704,0,0
0,0.4110082580342008,0.05008987832596371,0,0
0,0.41415575497400653,0.04947012216520518,0,0
0,0.5900558719378843,0.07912058252916734,0,0
1,0.523591619719815,0.6315183627116323,-1,1
1,0.49452539585866423,0.9544096437786298,1,0
0,0.3839777052566582,0.04970268253142857,0,0
0,0.3997374804828009,0.04943456410678443,0,0
1,0.5699251921171242,0.8606687309607887,1,0
1,0.4759102091208795,0.9609813465102532,1,0
1,0.6031324548806596,0.9600039070122183,1,0
0,0.4241237776703323,0.8560232409965584,1,0
0,0.46131201344020634,0.05460477332811109,0,0
0,0.4402321492219353,0.04952370685134491,0,0
0,0.4237821772215035,0.8723136598307712,1,0
1,0.5659779502503144,0.8352412719343374,1,0
0,0.4430224973986246,0.049543781730046636,0,0
0,0.6109635208442478,0.049944530975244046,0,0
0,0.5232399742062299,0.04960266895131549,0,0
0,0.4662660222613139,0.05639839757973176,0,0
0,0.4942238161071994,0.8895001317830843,1,0
0,0.44997595018699454,0.06660418911655676,0,0
0,0.4702627323770455,0.050546158492741675,0,0
0,0.3620500741900424,0.19375140789281664,0,0
0,0.3539103725667908,0.7756882461731555,1,0
0,0.5059181064133128,0.05060943006159205,0,0
0,0.415695830698786,0.052751444933593065,0,0
1,0.47890440403752765,0.960939006096818,1,0
1,0.5819171412193339,0.9609452363639769,1,0
1,0.4607613735553395,0.9609232376108012,1,0
0,0.3674665091960107,0.04990175903137569,0,0
1,0.6267785501831833,0.961033400660181,1,0
1,0.5894782448726479,0.9611072849068317,1,0
1,0.3698847300215425,0.9607635793546516,1,0
0,0.5112531316377691,0.09521050887396977,0,0
1,0.3564921527572697,0.9608423627071048,1,0
0,0.5526953422261098,0.05965047654412475,0,0
0,0.48896533509147033,0.05983178261315485,0,0
1,0.5540706360871098,0.9609622368335605,1,0
1,0.6345173566215433,0.9606954549163536,1,0
0,0.3635594944746939,0.05016514989687472,0,0
1,0.5319629626879592,0.9608643401382835,1,0
1,0.5445238932464004,0.9332315957833824,1,0
0,0.46777486729018186,0.054448978964484286,0,0
1,0.44092889715025674,0.9610350516851933,1,0
1,0.5997280255705086,0.960966635064434,1,0
1,0.5269954356926434,0.9609503342830928,1,0
1,0.40370922267816156,0.9608746374044824,1,0
1,0.40546326553514467,0.9168616498340366,1,0
1,0.43768326936638224,0.9610811126624142,1,0
1,0.4471416837685834,0.9611489187748666,1,0
1,0.5850741855279449,0.9576899224837447,1,0
1,0.5605113370961632,0.6426978118654942,-1,1
1,0.5980414334454699,0.9608869507544257,1,0
0,0.4427399516896018,0.04980128357065871,0,0
1,0.5638443784106267,0.9569071494438358,1,0
0,0.4151546758697309,0.051811348141552464,0,0
0,0.5358124640884249,0.09165460674997267,0,0
1,0.5181869084415829,0.9610297694383161,1,0
1,0.4685188207751847,0.7013492640315319,1,0
1,0.39582023232235153,0.9610319789554407,1,0
1,0.534138224786566,0.9602153754452236,1,0
0,0.3949737378792914,0.7213820906746793,1,0
0,0.5131731608358173,0.22531002249054913,0,0
1,0.6012544728247011,0.8815711721469114,1,0
1,0.5268144940599694,0.9604701306920739,1,0
0,0.5328733762170667,0.1949060107983194,0,0
1,0.4461569992998728,0.9607744997053778,1,0
0,0.5500842611316576,0.04957593910046587,0,0
1,0.38112590494338267,0.9609250742505232,1,0
1,0.4760596883959801,0.961046295793193,1,0
1,0.46728457907988297,0.9609171404196464,1,0
0,0.3910361295874953,0.04950923384418614,0,0
1,0.455936080341276,0.9555552709132521,1,0
1,0.40690768562172625,0.960966905322858,1,0
0,0.4318047923332101,0.1300533483523445,0,0
0,0.4220832517917894,0.04966329407503263,0,0
0,0.4177357897065225,0.14995316134096176,0,0
1,0.40490465092686984,0.961064991718199,1,0
1,0.5025407306190108,0.9611180852860693,1,0
0,0.43793396004029184,0.3007024075959674,-1,1
0,0.4592535711937318,0.04958371317693252,0,0
1,0.4517273706107918,0.961121644332882,1,0
1,0.42386999686036403,0.9608113743770409,1,0
1,0.6205686523397856,0.9609759956189375,1,0
0,0.380546808218695,0.05019947622889787,0,0
1,0.49983393994677944,0.9605916520985739,1,0
1,0.437223495188767,0.9608085455855225,1,0
1,0.4320693547858363,0.32180077488294695,-1,1
1,0.5092541864822604,0.958543509321611,1,0
1,0.5681846999995451,0.3092476028654031,0,0
0,0.4140531062634109,0.46955153087709517,-1,1
0,0.5424770426773534,0.05046890231781331,0,0
1,0.43196666437156933,0.9603751643973283,1,0
1,0.47167922355124026,0.9607581622419801,1,0
0,0.4033727580684816,0.05315565427749447,0,0
1,0.46008715265605454,0.9593290564364522,1,0
1,0.6078223390349082,0.9607448674729071,1,0
0,0.5609157582937729,0.04947800360726158,0,0
0,0.4413248756104058,0.5614572754649814,-1,1
1,0.4804812530857944,0.9610493613161573,1,0
0,0.48434098902373257,0.049587390226109154,0,0
0,0.5579996231974452,0.054272053467813136,0,0
1,0.3633549815969512,0.16496676714926928,0,0
1,0.598268086662758,0.961035346143324,1,0
0,0.44225688541099517,0.05253985827524014,0,0
1,0.42995818445065126,0.96105642117394,1,0
0,0.4900157270037609,0.05012267977151123,0,0
0,0.5290423598602347,0.04965911123189034,0,0
1,0.622342129356647,0.5411361614648954,-1,1
1,0.4698936515898193,0.1380097446522852,0,0
1,0.48195055519922675,0.9609617869417326,1,0
0,0.48092337467086205,0.05044445988718156,0,0
1,0.37131038251396825,0.9555281775224184,1,0
0,0.4850181396037072,0.05003360119034144,0,0
1,0.6304284522120124,0.9611279330345507,1,0
1,0.48602759779794696,0.961020143809792,1,0
1,0.5524778955588721,0.9601435548763564,1,0
1,0.4346104827493297,0.9608429335241813,1,0
1,0.5216966063132497,0.96051145600189,1,0
1,0.36223399647183346,0.9605838361565937,1,0
0,0.4062061050769642,0.049511039415336786,0,0
1,0.4332703788902721,0.961084246567217,1,0
0,0.43444069660612156,0.15868646314763182,0,0
0,0.4456278436671612,0.05566774816196493,0,0
0,0.39775406084432113,0.15273005238254514,0,0
0,0.4729327423173663,0.13320450592747696,0,0
0,0.5026427662632587,0.04975819438463439,0,0
0,0.46339915351613964,0.04953961860799263,0,0
1,0.3988882580802419,0.9608405096151792,1,0
1,0.5912968868477291,0.9603525562543537,1,0
1,0.38416508938772354,0.1649047705248922,0,0
0,0.4594589157689535,0.6330894572034828,1,0
1,0.41099168152261517,0.9610239157731915,1,0
1,0.4638452464655816,0.8866454567326015,1,0
1,0.5562886059985801,0.9606496916235395,1,0
1,0.39386798365595277,0.960954419361193,1,0
0,0.3582041674249359,0.04953951105343216,0,0
0,0.5159775085807904,0.049541451164175666,0,0
1,0.4982065057304671,0.9604736529910276,1,0
0,0.6019537217001516,0.32818558801403785,0,0
1,0.5674888242420136,0.24228826831130199,0,0
0,0.588320391036329,0.07316190330024866,0,0
0,0.4256998866646191,0.07663990507238214,0,0
1,0.42933526092512564,0.9611035523304904,1,0
0,0.45461681856688,0.0494738338724177,0,0
1,0.4627863064347913,0.9606612763976461,1,0
1,0.5237514491540446,0.6562707730309572,-1,1
1,0.3973757404826977,0.9610972746090448,1,0
0,0.3905321762811875,0.05053505488220099,0,0
1,0.498492632235655,0.9608129789392967,1,0
1,0.6100702554473358,0.9556829565821636,1,0
1,0.5762129740601193,0.9507466639460058,1,0
0,0.41846483803396045,0.049457005586155164,0,0
1,0.496108333870504,0.9610872880495677,1,0
0,0.3574827390684317,0.05018751491494719,0,0
1,0.4476185063274997,0.7551866943559508,1,0
1,0.6061615823593876,0.8627846998388052,1,0
1,0.4236328317414198,0.9609196997570159,1,0
1,0.5417087011660676,0.9610496322386183,1,0
1,0.44231469226018294,0.9609283837771306,1,0
0,0.3695136738843903,0.3726293088390428,-1,1
0,0.3620624994165793,0.4344808442068068,-1,1
1,0.4834508272110699,0.9608540841199852,1,0
1,0.5057358083954561,0.060319365701837775,0,0
1,0.418231023394356,0.9610376255838381,1,0
1,0.5075082936903037,0.8500696786361592,1,0
1,0.39405786968823114,0.19795936153800875,0,0
1,0.51035104774263,0.10600099310002808,0,0
0,0.5726730818918945,0.21303980737118133,0,0
1,0.5135369951707331,0.9610714278222766,1,0
0,0.5134413776815226,0.049490598368651086,0,0
0,0.49972788926309714,0.05055439197558821,0,0
0,0.4185717096974058,0.049669968031043524,0,0
0,0.5464671052701765,0.08447209937618476,0,0
1,0.5405279542107594,0.9609971442393207,1,0
1,0.4558209216160257,0.6637581785794485,1,0
0,0.40023422771410466,0.24693054952630286,0,0
0,0.3805057978104043,0.04952512620498545,0,0
0,0.4124569811440138,0.049453640827262606,0,0
1,0.5058231169427247,0.9611208827229223,1,0
1,0.4196938633298224,0.9605179837989181,1,0
0,0.3698108428394747,0.11497127983635266,0,0
0,0.46557804000467173,0.04969669344319872,0,0
0,0.4616872281163467,0.04943896518409014,0,0
0,0.5371489995467185,0.06191536068035665,0,0
0,0.4257311465354952,0.9084861202367169,1,0
1,0.5430145012754389,0.9597192733903566,1,0
0,0.5037720252541361,0.06331605187297173,0,0
1,0.5088174809026137,0.960549756768545,1,0
1,0.4519385398198822,0.9606691305257774,1,0
0,0.3811703410063669,0.04946426876855909,0,0
0,0.628068450946558,0.4816088285209882,-1,1
1,0.5040180167688443,0.9610943172499427,1,0
1,0.533557836682695,0.4037472702738536,-1,1
1,0.3715476986903654,0.9608569973915595,1,0
0,0.5533669241246173,0.06642069613666776,0,0
1,0.5798264150511198,0.9047745988889782,1,0
0,0.364720427981902,0.050610779642240325,0,0
1,0.5835396268595995,0.961129081463065,1,0
0,0.41116081653317843,0.04960675015804321,0,0
0,0.549607172737486,0.04949791435456597,0,0
0,0.4155936714596083,0.049529735598656255,0,0
0,0.3822173891606883,0.20065175287975662,0,0
0,0.5076319055992388,0.05616993492226256,0,0
0,0.4145592570066195,0.04960025479878247,0,0
1,0.39289960374307437,0.960964890035316,1,0
1,0.48527096799513053,0.9608219751531295,1,0
0,0.3758659740999934,0.33048978214483654,-1,1
1,0.45757519361219584,0.9607905803513587,1,0
0,0.44001776634524875,0.39471780902612197,-1,1
0,0.45096366928905696,0.04952494616672149,0,0
1,0.6102787889324301,0.9533070865160818,1,0
0,0.49655948620947465,0.6732978428007146,1,0
1,0.396752319736928,0.9609480177523869,1,0
1,0.383714626711116,0.13878404425153945,0,0
1,0.43965346241221015,0.9608065411748749,1,0
1,0.41560149052575723,0.8972876984339939,1,0
0,0.3787855823514588,0.049590849295731626,0,0
1,0.6019666067650008,0.9608273322211777,1,0
1,0.5497370486578971,0.9610467478482319,1,0
1,0.5643553684706963,0.23495895027484912,0,0
0,0.5568024286748648,0.04955619381071333,0,0
0,0.41813872644000444,0.11535770593451851,0,0
1,0.45596699579480576,0.9610050645392479,1,0
1,0.550980352418313,0.9608777022873026,1,0
1,0.5567115221724376,0.9569993960693792,1,0
1,0.4817885263504037,0.9609142641930698,1,0
0,0.37715361591313584,0.0511616390656024,0,0
1,0.5442004351021437,0.9608224456808154,1,0
0,0.4324034002675253,0.04968138792813116,0,0
1,0.5623752205463878,0.9607243006611125,1,0
0,0.4268565790878146,0.04945671384077428,0,0
1,0.4632106162375229,0.0900479189203902,0,0
1,0.4099975308661913,0.9541572504146854,1,0
1,0.6126566085088775,0.7699236830564374,1,0
0,0.4721245302170521,0.46064237621203674,-1,1
1,0.5968353575997882,0.1279124055254873,0,0
1,0.3745485472844018,0.9610071763471395,1,0
1,0.45473220075767834,0.960617320793134,1,0
0,0.41854549780480516,0.049557940875852906,0,0
0,0.5117729739635754,0.47265456678286194,-1,1
0,0.3627751034752872,0.04946301707832657,0,0
1,0.5999779866906476,0.8649049224233687,1,0
1,0.5605673418536026,0.08775167361481706,0,0
1,0.43737512848555055,0.9523225871919653,1,0
0,0.49788284401777316,0.18855011049578088,0,0
1,0.4880050658796405,0.9563976479297474,1,0
0,0.6356519125959493,0.04959355726335195,0,0
0,0.40647952565193074,0.05478132292817544,0,0
1,0.5825859756836052,0.9585700903953226,1,0
1,0.6219348351890255,0.9611129650932675,1,0
0,0.4638990826743593,0.049474589252398234,0,0
1,0.4554930748725319,0.15177112664082745,0,0
1,0.3741015869021827,0.9609508831450783,1,0
1,0.4909745238195717,0.5627130880269688,-1,1
1,0.4214767668852108,0.5254079055134312,-1,1
0,0.488656797894953,0.09403532050189847,0,0
0,0.4281624552152155,0.5781732766887729,1,0
0,0.4677589131214739,0.04963812517588422,0,0
0,0.4411308290257233,0.04944652709578435,0,0
1,0.5799231625100992,0.9594232755869002,1,0
1,0.597569837924467,0.9610620018894376,1,0
0,0.4513215748277567,0.04993968479342406,0,0
1,0.3908602203896251,0.9610884742365792,1,0
1,0.4199207212414061,0.1893929029768949,0,0
0,0.5703671438125916,0.04944199742780766,0,0
1,0.4807797221938414,0.9609153557239809,1,0
1,0.41740349866477705,0.9609753058214365,1,0
1,0.47862576617703867,0.9605864075410072,1,0
0,0.5109545799342531,0.04945423790801068,0,0
1,0.5926600319109915,0.9608441817330903,1,0
1,0.3892884637101541,0.9610178930495151,1,0
1,0.6123526144573117,0.9609283770446836,1,0
1,0.6212057719105917,0.26440421821667803,0,0
1,0.46867700420647007,0.9559891295547642,1,0
0,0.4932273781846042,0.04988775703809817,0,0
1,0.4294549541582081,0.9550618049733802,1,0
0,0.5063168635149065,0.04949848432252208,0,0
0,0.4070182793812,0.6446282751475989,1,0
0,0.38444335004099034,0.051186999714019014,0,0
1,0.4097584863693408,0.9604456330182871,1,0
1,0.5833473158150039,0.954276868847065,1,0
0,0.4022314753524696,0.04944908152902732,0,0
1,0.39490587260170856,0.9609098286486272,1,0
1,0.37374163220372997,0.9607600876630913,1,0
0,0.4318927391051925,0.7997710818337307,1,0
1,0.47813027000644953,0.9610477348275195,1,0
0,0.4924927129616495,0.04959456849766658,0,0
0,0.41350777114260834,0.04967895509761992,0,0
0,0.3969621318548168,0.05028579511040994,0,0
0,0.5688216922216934,0.15222459979375277,0,0
1,0.4908844759694288,0.5324729816359843,-1,1
1,0.5807943902479339,0.9610663596216787,1,0
1,0.522727615547486,0.865809369038366,1,0
0,0.47875622388095385,0.04977370351285322,0,0
0,0.360171214930825,0.04962434100515387,0,0
0,0.3594454977395291,0.7350417335434256,1,0
1,0.4625855881448487,0.9237441074916058,1,0
0,0.4189957267540497,0.04969551106716816,0,0
0,0.41635876430618834,0.049814577233849223,0,0
0,0.5840032463611903,0.1288037909448478,0,0
1,0.5695766860016241,0.9607272856878839,1,0
0,0.43868072456626594,0.4373458554714916,-1,1
0,0.5084857748535578,0.38153499358990794,-1,1
0,0.556134741710281,0.09731130107572411,0,0
1,0.6146984044240429,0.9606111205643136,1,0
1,0.423088064895874,0.960711755036328,1,0
0,0.501677698446735,0.15198055529626073,0,0
1,0.601711230164305,0.9545069025295307,1,0
0,0.4141517225184014,0.04948291715625895,0,0
1,0.47243537271520664,0.9611021493917058,1,0
0,0.4523596864391376,0.04950640221183411,0,0
1,0.6000774746697567,0.9610988629444357,1,0
0,0.3800209922711709,0.8429559747622054,1,0
0,0.47844548765712164,0.04941926547886321,0,0
0,0.3528743932457143,0.1946039130483586,0,0
1,0.5277939167002241,0.9608960596169813,1,0
0,0.3593258495926682,0.17964185907581487,0,0
1,0.5065125411527998,0.9513682427692292,1,0
0,0.4882710316760973,0.050074188632388286,0,0
1,0.46722441576659296,0.8516772487948053,1,0
1,0.47898515348964854,0.12808425881838859,0,0
1,0.3949211038803211,0.9608605437413691,1,0
0,0.3654935811792179,0.04963246189180718,0,0
0,0.367678965009231,0.04955920424321845,0,0
0,0.5383823560907236,0.23216488168625557,0,0
0,0.52040038135041,0.22255560570808514,0,0
1,0.5326694566399172,0.9607021090327399,1,0
0,0.45637775909090406,0.04971872431672011,0,0
1,0.5872088693881342,0.9610252516958873,1,0
1,0.5599898138639787,0.9591691482598149,1,0
0,0.5222127798468164,0.051992504113331395,0,0
0,0.4421949244350388,0.1931587247622873,0,0
0,0.5832591655419035,0.16690096592216963,0,0
0,0.437688464269042,0.4339911578491103,-1,1
0,0.48101995807575876,0.10322752574693621,0,0
0,0.4326161645418078,0.8149386146830008,1,0
0,0.372629304296062,0.05213544816536089,0,0
0,0.3563680109990527,0.04973179440934531,0,0
1,0.4656521155668864,0.9609932276573522,1,0
1,0.5224085175402053,0.4062583947225806,-1,1
0,0.5257359427672693,0.2845315494785905,0,0
0,0.5088173668437391,0.049673570355303245,0,0
1,0.37982917777929204,0.9607840937627227,1,0
0,0.5308973088476339,0.049537501511689314,0,0
1,0.6057078559251928,0.09954200010990806,0,0
0,0.6327091110175121,0.1344405288037499,0,0
0,0.38970950102149193,0.2921081320745059,-1,1
0,0.4625351102847291,0.0496088827521995,0,0
1,0.5680460912623915,0.9532050534531525,1,0
0,0.44672663992549544,0.05858056538965512,0,0
0,0.6050791633014038,0.059418702144071606,0,0
1,0.41349228521787923,0.560022928063442,-1,1
1,0.5908021605327279,0.9610579260214248,1,0
0,0.4796244489113537,0.11804809588072968,0,0
1,0.4929336509972894,0.9608174333073635,1,0
0,0.4270829424388258,0.04962918412557984,0,0
0,0.36691523394799574,0.04948103307391731,0,0
0,0.5169114811851659,0.0869776907006426,0,0
1,0.4376370680947404,0.822712165810831,1,0
1,0.4898963754407859,0.3733542407150516,-1,1
1,0.6356410434183403,0.9608867315040438,1,0
1,0.42052400897529324,0.9576142758119763,1,0
1,0.6067371854976829,0.6196340448866803,-1,1
0,0.40969488725179026,0.050312434017097486,0,0
0,0.4227573221981559,0.05486938311446739,0,0
1,0.5450083592272209,0.9524644278895462,1,0
1,0.40418462543693023,0.769797066503084,1,0
1,0.5871362247712555,0.9610189461974568,1,0
1,0.4619014561641104,0.9577291172647069,1,0
1,0.4667343594681463,0.9610529245204114,1,0
1,0.4068639518760452,0.9609934808624998,1,0
0,0.345399390923786,0.05019568181479546,0,0
1,0.4550548081872112,0.9609064661000056,1,0
1,0.41229973067761366,0.9610342734525843,1,0
1,0.4411665990078479,0.9608019940265652,1,0
1,0.38730979937690707,0.960860888755709,1,0
0,0.3925772857694354,0.049826074487095945,0,0
0,0.4000360235187462,0.049688268888712306,0,0
0,0.39909295726694194,0.049689276336531925,0,0
1,0.5326157010886027,0.9605186475617284,1,0
1,0.47543555247221825,0.9556063853430354,1,0
1,0.44485943752598395,0.9608413777766066,1,0
0,0.48563519088998736,0.04978976591174235,0,0
1,0.5339475483941706,0.5560149430667726,-1,1
1,0.5473901208431605,0.11595983304059937,0,0
0,0.36009882306081464,0.07046071465364048,0,0
0,0.3763070671775992,0.04957378322145501,0,0
1,0.4976327161921365,0.9605513106557352,1,0
0,0.4506611004090414,0.057583913028404585,0,0
0,0.4945232853662121,0.0716340244336184,0,0
1,0.4426817674456868,0.9610291404411672,1,0
0,0.501233456847792,0.04983271810082795,0,0
0,0.4310006131276291,0.13715067629991193,0,0
1,0.41825580931070516,0.9537719653670879,1,0
1,0.564433461009205,0.9608025845909628,1,0
1,0.4581427836090403,0.9609876572895212,1,0
1,0.4982511921260369,0.9526305918565141,1,0
0,0.3830677171307351,0.11004961030894497,0,0
0,0.3871544020980011,0.12790311037837704,0,0
0,0.38660653948169427,0.07940063204921917,0,0
0,0.3946994707412042,0.04994454605366289,0,0
1,0.4868249664616354,0.936970483088736,1,0
0,0.40948513138506704,0.04950252931167052,0,0
0,0.40549189283837445,0.13826544614531197,0,0
1,0.43524386056034897,0.9606021649639653,1,0
0,0.5690426337744487,0.12125498558058144,0,0
1,0.4690256398260373,0.9608896425268997,1,0
1,0.5310474302186124,0.960811820027035,1,0
0,0.4665562556491464,0.04952604991223259,0,0
0,0.47754908586282674,0.049435279881095286,0,0
1,0.5873906486597948,0.9605328791780614,1,0
0,0.5155337803228602,0.04970071453711795,0,0
1,0.46536751775941393,0.3898792686166135,-1,1
0,0.5899872424692291,0.049586881424154905,0,0
1,0.44435246500105213,0.9374462518469125,1,0
1,0.39250577905736167,0.5220916704795682,-1,1
1,0.401214796109587,0.910549553226116,1,0
1,0.4759520226639151,0.9608521040984702,1,0
1,0.5791022733804954,0.9608920827702968,1,0
1,0.512996625726512,0.19426861321154276,0,0
1,0.37213004918417913,0.9608664655565979,1,0
1,0.6249351433174599,0.9610820490454758,1,0
0,0.4676289719525979,0.04987388406998405,0,0
1,0.4529189528385931,0.9609596784548963,1,0
0,0.6356501157560381,0.057629716242082775,0,0
1,0.5637638674571668,0.9608820060278765,1,0
0,0.41290786996121714,0.0497827421928071,0,0
1,0.3940715276071867,0.9276626509296884,1,0
0,0.4274432587486281,0.05080051611915802,0,0
1,0.38198592270095477,0.9609170641002647,1,0
0,0.39757525349854295,0.06857877192978899,0,0
1,0.40897480370971145,0.9609419948649404,1,0
1,0.6184259465944164,0.9599323884167208,1,0
1,0.6173048001661665,0.9610675036337871,1,0
1,0.566773632066845,0.9609007161251893,1,0
1,0.42143205136327594,0.9608181908514366,1,0
0,0.5547514547180403,0.04945443338313428,0,0
1,0.44006475323142463,0.5535257541765501,-1,1
1,0.3920045455179135,0.8167737713569352,1,0
0,0.5394660148911992,0.22828895828970466,0,0
1,0.39010820326208895,0.9607958691532031,1,0
0,0.4559599013427496,0.04950219195726731,0,0
0,0.5253050310327337,0.050203653422278026,0,0
0,0.3954710476352667,0.04954607859964446,0,0
1,0.6213958332185457,0.9607391698512056,1,0
1,0.4657274417850636,0.8118190500547581,1,0
0,0.42383356264236743,0.04951584393107715,0,0
0,0.4949487530801797,0.18592153588280091,0,0
0,0.3532762397483356,0.36456171585287084,-1,1
0,0.38723583390716143,0.05036033271055533,0,0
0,0.5541931090380277,0.13646565016972617,0,0
1,0.4149194615264199,0.9609566837382627,1,0
1,0.3698661468568111,0.9470496997391621,1,0
0,0.45660905128429974,0.049518713534733735,0,0
1,0.3964757704335867,0.8941667345198847,1,0
1,0.5279272390662416,0.9608778543328651,1,0
1,0.44900159079598134,0.9608730309643435,1,0
1,0.4103893656130171,0.8274638539816894,1,0
1,0.5960675334554356,0.133877733138331,0,0
0,0.42156148138456395,0.9379957419925835,1,0
1,0.41121970106967937,0.9603927201487747,1,0
1,0.46459847135752025,0.9602315669870957,1,0
0,0.4764581942034937,0.16258044559330512,0,0
0,0.5245684112682504,0.054936502934367984,0,0
1,0.5643247177726927,0.9609708593803353,1,0
1,0.5197567878595389,0.960253858327441,1,0
1,0.6167469759047799,0.7458816938110195,-1,1
1,0.6023639513309845,0.9608141705979859,1,0
0,0.5891373827873362,0.049441863015398275,0,0
1,0.5333419518995139,0.9550865792701924,1,0
0,0.4375519224349066,0.049534705552640265,0,0
0,0.4152490097726965,0.07637628712391646,0,0
1,0.48380622049701805,0.9608933252917897,1,0
0,0.38241318697248694,0.04942176877764634,0,0
1,0.44070084020343664,0.9611035523304904,1,0
0,0.3964358846392008,0.17460515611206545,0,0
0,0.3825291335145834,0.050159565025683035,0,0
1,0.389557614864088,0.9608397448202194,1,0
1,0.3918767915867563,0.9610176448475882,1,0
1,0.3921084952900488,0.9608322991843496,1,0
1,0.5282465102835775,0.9608143157476875,1,0
1,0.5682808632192947,0.9609358049718048,1,0
1,0.4360546500070935,0.9609024693109646,1,0
1,0.4818299827355177,0.3573745218041842,-1,1
0,0.40785684062165534,0.05008425932287413,0,0
0,0.4130595833368333,0.18196818292312766,0,0
0,0.35180888015502254,0.0494916479300365,0,0
0,0.4613704491278851,0.15976206467955098,0,0
0,0.4817623574924224,0.049825961960168134,0,0
1,0.5049109238353624,0.7032285105276574,1,0
1,0.3644230373323747,0.9609518028514078,1,0
1,0.5438777133071943,0.9610206211435351,1,0
0,0.37117227540257286,0.05801843557938938,0,0
0,0.36442487396969864,0.049534463784956406,0,0
0,0.504100805782659,0.04945666814686583,0,0
0,0.35669091676173387,0.06876827202874296,0,0
0,0.36986380016691356,0.04963000200184229,0,0
0,0.5129975188617428,0.050196456494753704,0,0
0,0.523335928126022,0.08860300207512975,0,0
1,0.39326171103070673,0.9399201873699412,1,0
0,0.5210234064941995,0.04952269695809082,0,0
1,0.3870710005901019,0.2073559729514085,0,0
0,0.4283895988024056,0.049478119483898506,0,0
0,0.43528294655443267,0.060254492132716476,0,0
1,0.48065709176514987,0.9610483170929055,1,0
0,0.5971100107938675,0.4679749141145129,-1,1
0,0.5246308215723015,0.04946108406550584,0,0
1,0.35518618595993634,0.9608536921303025,1,0
1,0.3836585981844201,0.9608518262615394,1,0
1,0.4898197735943897,0.9608484413988979,1,0
1,0.3734083629833198,0.7613541258630498,1,0
0,0.36872200240103953,0.05910549367942283,0,0
1,0.44323848065419413,0.9468435142180842,1,0
0,0.49983148691838764,0.7799643830876981,1,0
0,0.42624409013311043,0.05690064193020929,0,0
0,0.3746289462349867,0.04960075509233444,0,0
1,0.6347636905319162,0.9602623777995377,1,0
0,0.441843417963052,0.0497267924964428,0,0
1,0.5956042750920648,0.9402018380900619,1,0
1,0.5951793145506961,0.9610809694345872,1,0
1,0.4846697116404982,0.7627543819083015,1,0
0,0.40593267843159103,0.0496063416479046,0,0
1,0.530385263097222,0.7902013589761393,1,0
0,0.35417663643205205,0.3095501966571723,-1,1
0,0.5476857806026022,0.15166114550702683,0,0
0,0.426808783087174,0.049711410585116834,0,0
0,0.3579543973960778,0.055001002349886266,0,0
0,0.5571222698986218,0.050095394131732154,0,0
1,0.6204249676343054,0.960376643337872,1,0
0,0.5371119153495189,0.08266034621010379,0,0
0,0.34442775815473087,0.04958623185790893,0,0
0,0.4006394006376979,0.07532581425281538,0,0
1,0.46478669651861304,0.9596414804447663,1,0
1,0.5461444990783325,0.9190018605972469,1,0
0,0.35256516570175217,0.29268881307044914,-1,1
1,0.4617387232273021,0.9550286422546447,1,0
0,0.3832230391602337,0.049730423354701625,0,0
1,0.433289803103971,0.9609281274082189,1,0
1,0.5496523231798719,0.9608338140326466,1,0
1,0.6133715210259546,0.11521577512418041,0,0
0,0.44570762165887245,0.0497115048034384,0,0
0,0.44064574917408517,0.13102070228506046,0,0
0,0.3757762537806486,0.14060949525111302,0,0
0,0.4259015892838492,0.04946100119073838,0,0
1,0.5360036458717818,0.9607672638827542,1,0
1,0.4155434558711451,0.960833461936579,1,0
0,0.4655850708724086,0.05586943922943825,0,0
0,0.41221472168737094,0.05075772589667729,0,0
0,0.4362049668813681,0.09956160977204753,0,0
0,0.3562437271835171,0.050640356778312606,0,0
0,0.39341218657178917,0.0495215739178184,0,0
1,0.4302475783579081,0.9461828019516613,1,0
0,0.5065620306263927,0.2049054712999731,0,0
1,0.5992471093939151,0.9609238465959544,1,0
0,0.40037576800836067,0.16680249348631979,0,0
0,0.42257082322586065,0.15141117215736452,0,0
1,0.556176874748273,0.9610315731216952,1,0
0,0.3815101696948652,0.04959142558075312,0,0
0,0.3793108309950884,0.049552997139593685,0,0
0,0.40760990782921236,0.04941917822877638,0,0
0,0.42686743735354366,0.515220596282632,-1,1
1,0.39205716957502385,0.9606148803921333,1,0
1,0.45390936571960894,0.9341106749850887,1,0
1,0.5813827043903339,0.838768856326502,1,0
0,0.5459700206842207,0.05200807126803784,0,0
1,0.3759697428702738,0.9608750074971227,1,0
0,0.3624490339535739,0.7822945965119275,1,0
0,0.5553838539900013,0.04949023656374247,0,0
1,0.5910141088644195,0.9029967768570042,1,0
1,0.4202682434737332,0.9610610544242933,1,0
0,0.3887694550940706,0.06209025655433416,0,0
0,0.514180467912765,0.059728599212013914,0,0
1,0.5412941816380109,0.9606390538000468,1,0
0,0.6002922492706909,0.056709854097331217,0,0
0,0.3941904193335459,0.13257484306631448,0,0
1,0.381988064000787,0.9536736494810711,1,0
1,0.4037937604323904,0.9609596344816846,1,0
0,0.405918320786092,0.049592525644912414,0,0
1,0.5552310350455524,0.9611375143555434,1,0
1,0.5730443159181173,0.3533986617583405,0,0
0,0.38416512087921,0.050219620830494964,0,0
0,0.4060819506052935,0.05730930451044441,0,0
0,0.36844483185015764,0.04955625630460703,0,0
1,0.4491031625301037,0.9604928527495676,1,0
1,0.5411059009891215,0.9610804912974934,1,0
0,0.4106140947630459,0.060302239762754485,0,0
1,0.4379701513826172,0.9603455243683974,1,0
0,0.37766857604207515,0.04950955985415066,0,0
0,0.35219420565261494,0.04995817019879092,0,0
0,0.4717547492751738,0.1426884083583092,0,0
0,0.5237093672782378,0.7580124053057312,1,0
1,0.4223149334972507,0.9511624841176513,1,0
1,0.37674302076310323,0.961062035001013,1,0
0,0.5012823840013155,0.04971111080098651,0,0
0,0.4024312312174206,0.18376842908466443,0,0
0,0.491921296188714,0.1542754267982436,0,0
0,0.5175366030012212,0.08163067645124077,0,0
1,0.649183432137401,0.9610672623948114,1,0
1,0.36508156584642176,0.9609495432612964,1,0
1,0.6195919622561079,0.9143425835704624,1,0
1,0.4746688315315059,0.9607476325480196,1,0
1,0.44496653967405037,0.9609194025056607,1,0
1,0.3972346947518696,0.9610411527924752,1,0
1,0.614931438980296,0.9608054521239019,1,0
1,0.6347739183816373,0.9555842540978687,1,0
1,0.6270550147727292,0.9603636093735133,1,0
1,0.5561121727900877,0.8919810256654159,1,0
1,0.5646189366684096,0.9610579604374501,1,0
0,0.44954531001710374,0.31504174921584654,-1,1
0,0.3596328191370903,0.04943278035873748,0,0
0,0.4947452398769186,0.04966857219348699,0,0
0,0.5795816004794926,0.049841144182870216,0,0
0,0.4198992474894577,0.05275847486118698,0,0
0,0.41195211617130373,0.05013188688817375,0,0
1,0.47497733809722414,0.9608223025741081,1,0
0,0.38702091143555123,0.04952861054581255,0,0
1,0.5034229906699305,0.9608606550370284,1,0
0,0.5233806124270618,0.43359133168611746,-1,1
1,0.4342085493110524,0.9051141079710272,1,0
1,0.4271310533581942,0.9015568055421389,1,0
0,0.41725163843539903,0.049665057576216746,0,0
0,0.3830249538312917,0.06975531004105628,0,0
1,0.4039749496523727,0.9607263056828903,1,0
1,0.3731396395002512,0.959251261488159,1,0
0,0.5290429284073025,0.6629383882825884,-1,1
1,0.5754770183044793,0.961071843893732,1,0
0,0.3601887918591632,0.058886228335400644,0,0
1,0.43622519770477153,0.9609403499646717,1,0
1,0.38115172220178767,0.9609312543612335,1,0
0,0.3661505421727199,0.05140413431868648,0,0
0,0.3811080763567161,0.07742328544767317,0,0
0,0.49769069387291204,0.4093555972366624,-1,1
0,0.43851117152723795,0.5706760012811473,-1,1
0,0.47674372564619977,0.889933765567221,1,0
1,0.5398219811539573,0.9609902250997147,1,0
1,0.35978446741206144,0.9509421626877127,1,0
1,0.40426331039456437,0.937021968707142,1,0
1,0.400011940000728,0.9607800950193264,1,0
0,0.3992099759947534,0.45140240313926927,-1,1
1,0.5132766100255929,0.9610501448321968,1,0
0,0.40165185702668005,0.049542090266466415,0,0
1,0.5266954551566954,0.9610470643526322,1,0
1,0.5579425361961856,0.9466591399740616,1,0
1,0.437447987381339,0.9604724949740456,1,0
0,0.4634031537936582,0.04958017191374489,0,0
1,0.42968520394512716,0.9608756149555625,1,0
0,0.611132385059608,0.11702372580457941,0,0
0,0.4831689102859196,0.0760890983111178,0,0
0,0.48065747151050714,0.049565768166361136,0,0
0,0.35611919457306185,0.04939808970964299,0,0
0,0.5472629711982401,0.0558816740902479,0,0
1,0.42296180405167244,0.9608552284574685,1,0
1,0.6389797235309072,0.9605342076702208,1,0
0,0.35386228520637486,0.04944353162864487,0,0
0,0.411368024020224,0.04952552034347253,0,0
0,0.4329784707661264,0.1091711596384189,0,0
0,0.5257980538791571,0.8092502004290206,1,0
1,0.42693554736286243,0.9609339123770004,1,0
0,0.4701396354966705,0.049784813233685284,0,0
0,0.38007425658362837,0.2225737483194034,0,0
1,0.5106829724367884,0.9606761836821806,1,0
0,0.411741163257767,0.6457422288798772,1,0
1,0.41725565183444746,0.9588014791703782,1,0
0,0.4093088504611615,0.04950888889773617,0,0
0,0.4580615523714046,0.09356601603614732,0,0
0,0.564993983850212,0.06312427903114491,0,0
1,0.4941423162297137,0.8719469046141429,1,0
0,0.6343147446148658,0.04956675028196993,0,0
0,0.4182784487396813,0.0505387848006517,0,0
0,0.4236383291017863,0.049501422003457154,0,0
0,0.4559556560009969,0.04952498398003472,0,0
1,0.4284660309541854,0.9610490527689972,1,0
0,0.6295484350394236,0.06951546450507726,0,0
0,0.4105298255827108,0.04944016805146729,0,0
0,0.3849276067250553,0.04951223137541849,0,0
0,0.6178448412245646,0.04964668720644009,0,0
1,0.4910344134733075,0.9268731547498394,1,0
0,0.41708320116110975,0.05043383647430935,0,0
0,0.3751925386486627,0.05508368149564572,0,0
1,0.4118535955911757,0.8947645929341523,1,0
0,0.46036585979632,0.04967490114369997,0,0
1,0.6378375377783564,0.9595039381707666,1,0
1,0.3687626470625253,0.9606267248954763,1,0
1,0.5740286933433184,0.9609408182054904,1,0
0,0.6184437338612432,0.04968902630758839,0,0
0,0.438911000999045,0.04950508784817121,0,0
1,0.40017343249047804,0.9610344518121625,1,0
1,0.5538078336409187,0.9496210239495881,1,0
0,0.38478511512181757,0.04956055476944135,0,0
1,0.6346593066100187,0.9603922202424935,1,0
1,0.4077092465944683,0.7092404651507033,1,0
1,0.5279388782820733,0.9608767746069898,1,0
1,0.5223857634331591,0.9610866413600929,1,0
0,0.4603684013418372,0.04943895241380142,0,0
1,0.4070043548244435,0.9610123697008758,1,0
1,0.36573652587639743,0.9609928708722737,1,0
0,0.48011785712843874,0.5229662619163681,-1,1
0,0.39232425343594085,0.04949308128865005,0,0
1,0.39265106902024166,0.9609451782979287,1,0
1,0.43205413376404495,0.9608924321889634,1,0
0,0.4657645755363704,0.051979934998231454,0,0
1,0.565111306386646,0.935430438595224,1,0
1,0.39330410821798023,0.9610257279534162,1,0
1,0.35938280447839804,0.9611310802168378,1,0
0,0.46639378689020167,0.1034259880903429,0,0
1,0.5970567246315158,0.9609261913625257,1,0
1,0.5876882837821543,0.9611113041858045,1,0
1,0.36700936371943055,0.8264741288796752,1,0
1,0.512270384810412,0.9608609636068924,1,0
0,0.42526187405951965,0.5084134620631113,-1,1
0,0.49542419720709546,0.13461798663894728,0,0
1,0.6286816196798245,0.9608335124408727,1,0
0,0.4841521223483696,0.8765793904582023,1,0
1,0.48276255055219613,0.720757206552316,1,0
0,0.3667640574047805,0.08079659156192844,0,0
1,0.5710610318739182,0.23274386910927267,0,0
0,0.38308173378463745,0.056404863210454965,0,0
1,0.5355574756141617,0.9591603733236062,1,0
0,0.39483310425907714,0.04944001907439402,0,0
0,0.4155907664541278,0.05027440716858922,0,0
1,0.5885713179575972,0.8584076481631346,1,0
0,0.5106961823258429,0.04944936509328407,0,0
0,0.36265935544421973,0.6448132843164256,1,0
0,0.4832405756673457,0.06246291610386411,0,0
1,0.5821444430603647,0.9611198271495189,1,0
0,0.4505072876661918,0.9538805450530239,1,0
1,0.41853888011508233,0.3369977484533673,-1,1
1,0.6129102398324624,0.960872891365035,1,0
1,0.4810007229306286,0.9610543386312363,1,0
0,0.586233567434079,0.5201235093046686,-1,1
1,0.479545475367215,0.9584458801189407,1,0
1,0.4142300575648117,0.9606661949225989,1,0
1,0.5026541753787949,0.8724061348825284,1,0
0,0.37081441660864317,0.04970812241440928,0,0
1,0.531797706044177,0.9610761860087552,1,0
1,0.5641100369162086,0.9581986830432949,1,0
1,0.41210397365665435,0.9407149188988848,1,0
0,0.5138742516832288,0.04944427773355985,0,0
1,0.44689685065671353,0.9611175455435153,1,0
1,0.44036856329711105,0.960912062119115,1,0
1,0.5210876036343532,0.818435158455964,1,0
0,0.43718619461442126,0.04984739342492961,0,0
1,0.4286756571391937,0.9610360735508733,1,0
1,0.5308241498812645,0.9551505292222049,1,0
0,0.6432442353057726,0.6985487945811664,-1,1
0,0.467486604117865,0.1360353152923676,0,0
1,0.4499216866076193,0.9610330863464395,1,0
0,0.43563113808109044,0.0497766642193954,0,0
1,0.4881953814990467,0.9609316818251062,1,0
0,0.40891395369471345,0.059800091467946195,0,0
1,0.38085177484997335,0.9596327750219821,1,0
0,0.5064603327569007,0.050973245146801766,0,0
0,0.4085001567133451,0.8871838183004935,1,0
0,0.3688684979097397,0.05805486005851192,0,0
0,0.4946277074415301,0.04975146382577436,0,0
0,0.3756314327957264,0.04971978051373292,0,0
0,0.41864970945701746,0.09015179149650639,0,0
0,0.4152622385320443,0.04949168790752789,0,0
0,0.40106779497444806,0.5153467018247765,-1,1
1,0.5544621430298611,0.7071514574588573,1,0
0,0.3874810065885692,0.04948643598544024,0,0
0,0.5195129834806739,0.05038410728639652,0,0
1,0.3918145741220577,0.9608773045922216,1,0
0,0.40198952185550013,0.08446315438390165,0,0
1,0.47881096649072696,0.5724123212193448,-1,1
0,0.5937646629839789,0.24993926083177806,0,0
1,0.4359436969044081,0.5815514885973381,-1,1
0,0.3829020621167099,0.11437432595005942,0,0
1,0.3975418790327613,0.9609093011404456,1,0
0,0.47684420651232984,0.049525296062500786,0,0
1,0.536511892625607,0.9605740304296118,1,0
1,0.39947653651058307,0.9606465110873826,1,0
1,0.5232115121635986,0.6744049731235333,1,0
0,0.3512041264158246,0.05099784587256628,0,0
0,0.43317426940555404,0.0496193515666452,0,0
0,0.40605116380436573,0.34996125527091226,-1,1
0,0.4719374417596705,0.14123951516730465,0,0
1,0.4256946519495292,0.9610532577014775,1,0
1,0.48229487906423707,0.9610325419532272,1,0
0,0.3842828878329963,0.05474086946752601,0,0
1,0.43966950282594225,0.9340384500726997,1,0
1,0.5599350677741132,0.9608387052970385,1,0
0,0.44116316731334926,0.049637620494982916,0,0
1,0.4016416888086944,0.959840664248024,1,0
1,0.40768572217700033,0.301785368089995,-1,1
0,0.3884694986000592,0.05178230237254197,0,0
1,0.5203729872752593,0.9611134229057405,1,0
1,0.607232093920136,0.8823330650003159,1,0
0,0.45346959122613417,0.6238846240703794,1,0
0,0.3526130774885372,0.22513844104813718,-1,1
1,0.422512203479233,0.9607943163933528,1,0
0,0.5610612185067465,0.11318174166151615,0,0
1,0.47123754403098506,0.07605214205317389,0,0
0,0.40900780609291043,0.04944282939798453,0,0
1,0.36522056127173064,0.9591300197460042,1,0
0,0.4175834882558012,0.049686640983317,0,0
0,0.38532712683609643,0.0496699756484525,0,0
0,0.3838924995109826,0.049768603273136716,0,0
0,0.37273119040197217,0.04964183760659449,0,0
0,0.5103387688420338,0.04945202220969969,0,0
0,0.5456495234719568,0.04948716966375693,0,0
1,0.6389841101551755,0.3343011911023696,0,0
1,0.45729305379763296,0.9600130264495873,1,0
1,0.4573862038276111,0.9480451397671302,1,0
1,0.45931916548326246,0.1631407993723811,0,0
0,0.36438800324061976,0.04984948774709166,0,0
0,0.47514542674892923,0.049689515476135204,0,0
1,0.4058070189534743,0.9608473095278478,1,0
1,0.42533874905088137,0.9610016097746471,1,0
0,0.37159699481834496,0.10069773913368646,0,0
0,0.4356872499679525,0.04954734707562941,0,0
1,0.6404204246523966,0.11378486629665492,0,0
1,0.5112134088302791,0.9610046240210819,1,0
1,0.5922385040797518,0.7598595792851108,1,0
1,0.38886420213340855,0.9606899538396203,1,0
1,0.42346550560069823,0.1468247905528187,0,0
1,0.49322411758621043,0.7994252604041825,1,0
1,0.5026609447860406,0.6189326396675356,-1,1
0,0.3933779895206053,0.24451698002458222,-1,1
0,0.35602815398551024,0.055119845411846335,0,0
0,0.4513956558813661,0.04951295714711281,0,0
1,0.5569829915241846,0.41544231614947164,-1,1
0,0.5550909230502331,0.04983257339516867,0,0
1,0.3676662834969496,0.9573124720841977,1,0
1,0.5487479356459656,0.9608194190254311,1,0
0,0.38214472351131173,0.054465172527894415,0,0
1,0.6304141860685439,0.9608887222838037,1,0
1,0.5726824633264117,0.9608392829011565,1,0
1,0.609302627100833,0.9606210609588851,1,0
1,0.5558672607267302,0.9371705708844256,1,0
1,0.5620836570184163,0.9608668109744166,1,0
0,0.376192158788978,0.4985441355337337,-1,1
1,0.5495359998225278,0.9610100469932854,1,0
0,0.4533019164756588,0.7542651031335139,1,0
0,0.4644140969170536,0.04978998340705193,0,0
0,0.4136751896064767,0.04949465528032831,0,0
0,0.44194602925921567,0.2804797318193761,0,0
0,0.4544031254505061,0.9349628469069234,1,0
0,0.35778669543746744,0.049688428217180364,0,0
0,0.41197499230724244,0.04952058975224484,0,0
1,0.43966829416888165,0.1861002700942779,0,0
0,0.47761157874957877,0.04950107976226612,0,0
0,0.3974942282506793,0.05667693491401249,0,0
0,0.3556624735896343,0.04964852110248267,0,0
1,0.6154163066904155,0.9609322806456929,1,0
0,0.5932071240094831,0.3485651265559457,0,0
1,0.510967504413794,0.960896143659802,1,0
0,0.42603883034614953,0.332046333751797,-1,1
1,0.5769956914777988,0.9610132908954543,1,0
1,0.41549405482798396,0.9461658813448905,1,0
1,0.3626892700357722,0.5724870852712151,0,0
1,0.6252321543199517,0.9610292917187293,1,0
1,0.5657876003307375,0.9521071547207374,1,0
0,0.4909921171508241,0.05148822618411817,0,0
1,0.4095072164186483,0.9607915213085707,1,0
0,0.3656957017302079,0.049506904111048564,0,0
1,0.5338342242983197,0.9610124064589505,1,0
0,0.3873396902651319,0.06970305644823707,0,0
1,0.37195006501223943,0.960911315291522,1,0
0,0.35413961483218087,0.1832074492516211,0,0
0,0.3778028562189784,0.2293658217443966,-1,1
0,0.39900836654674177,0.04945816114988388,0,0
1,0.4513633334479352,0.9573129056392375,1,0
1,0.5610474690781776,0.960591348845232,1,0
0,0.4449095925909498,0.7584433262646231,1,0
0,0.40589682359652324,0.147327107001191,0,0
1,0.4971328730453367,0.9407835948709193,1,0
1,0.6345410988919286,0.9578042614028497,1,0
0,0.42932065043672596,0.050264463407859686,0,0
0,0.446860385951176,0.049583571527894096,0,0
1,0.4573369053906894,0.9610696578728308,1,0
0,0.4445820646395155,0.06473415184725732,0,0
1,0.5398520998079275,0.9610837599661736,1,0
1,0.367851504364629,0.9605540013712209,1,0
0,0.4131221313034203,0.2475057000373169,0,0
0,0.4388249860902867,0.049617186439189,0,0
0,0.3956612293090797,0.9307989291483314,1,0
0,0.43115647075997005,0.9510771499468201,1,0
0,0.3870561490848178,0.2707136425548964,-1,1
1,0.3558558045604566,0.9611306111867354,1,0
1,0.6085598064617771,0.15899411489940388,0,0
1,0.6177083583782239,0.9610996118419891,1,0
0,0.4120515006807898,0.06105637753848828,0,0
0,0.5588799899806338,0.3977584470799534,0,0
0,0.4673919286976488,0.04980707019728556,0,0
1,0.40354799559607907,0.9608823578866945,1,0
0,0.4383544699394888,0.05813401465558642,0,0
0,0.4221370684391114,0.049518994256293115,0,0
1,0.3698517986837617,0.9610223304404023,1,0
1,0.4131879141165718,0.9609134496771853,1,0
0,0.4468372233106069,0.04955705899586459,0,0
0,0.4402859265007144,0.04952075680005594,0,0
0,0.5265479701285793,0.48110424214707226,-1,1
0,0.4032509360838219,0.049758916610241996,0,0
0,0.3958747950733437,0.04982150663704685,0,0
0,0.39451129830109816,0.0499020074699938,0,0
1,0.6098144638405071,0.2352384318352646,0,0
1,0.3896146160165884,0.9610082306200869,1,0
0,0.4627206218423636,0.050769460869817505,0,0
0,0.49895119344206185,0.04946335473817884,0,0
0,0.5160681964313684,0.04950608174504767,0,0
0,0.4631118267864571,0.049808917442000986,0,0
1,0.5378640895947303,0.20307774587255678,0,0
1,0.47887650074526283,0.9549408946514897,1,0
0,0.5648874226561993,0.04966454473066848,0,0
1,0.4893583670057362,0.061201021427559545,0,0
0,0.5673049785648268,0.09493744380232429,0,0
1,0.4375176293442995,0.6534494859139239,1,0
0,0.35189474382818153,0.049572704632970054,0,0
1,0.5198942832354023,0.9598847539309343,1,0
0,0.3731204292161435,0.04959709371430004,0,0
0,0.38884713376061214,0.04994424427517742,0,0
1,0.6374594564245767,0.960839583552013,1,0
1,0.6040302246274578,0.9414961513041756,1,0
1,0.37671105831607565,0.9606426990333053,1,0
1,0.47608517751700846,0.9609247253092555,1,0
0,0.45124560302102174,0.0816761377372269,0,0
1,0.564060884539166,0.9610708049850613,1,0
1,0.5692123133029522,0.9536717467202205,1,0
1,0.5702437299740367,0.5745360533042586,-1,1
1,0.4822025411368879,0.9529534126252182,1,0
0,0.43674182417427876,0.80686196858411,1,0
0,0.45184050759978855,0.0502095475885068,0,0
0,0.49913220347188014,0.05053631774413616,0,0
1,0.4451329559128071,0.9552357519863505,1,0
0,0.5239680193760609,0.04958088456693046,0,0
0,0.38371604769945483,0.07940628125517771,0,0
1,0.5793687968252303,0.9609636218442421,1,0
0,0.43580862408798193,0.049717742529811634,0,0
1,0.596417698185293,0.9608532232370312,1,0
0,0.36255156229356494,0.0497640307915905,0,0
1,0.3732092206402685,0.9608387157749216,1,0
0,0.4308037260018256,0.049788503865448905,0,0
1,0.4470252008094847,0.4966617389094381,-1,1
1,0.6200595530559858,0.13488808262302054,0,0
0,0.48160822343451004,0.053695232421369365,0,0
0,0.46410357712623396,0.3316299339502055,-1,1
0,0.4593498994194947,0.05006437051277695,0,0
0,0.3943678107437606,0.049604672254778964,0,0
1,0.5821073451318882,0.9610994883944025,1,0
1,0.4380561014442701,0.9142592451586359,1,0
1,0.5578315657919996,0.9336991363683353,1,0
0,0.5302169667724898,0.04987203140075714,0,0
1,0.43199158987015074,0.8464315801124733,1,0
0,0.43230828842475433,0.05422476259489358,0,0
0,0.40994965600478317,0.04949125438823603,0,0
0,0.5737555833990103,0.05064732796639163,0,0
0,0.4163527525274204,0.04946959685445647,0,0
1,0.3551540815202621,0.9611316363174361,1,0
0,0.400112512543299,0.0495627122759177,0,0
1,0.47294180520611273,0.9608359484881759,1,0
1,0.6107206177412753,0.9609321821276007,1,0
0,0.3771266492514131,0.05396496239415235,0,0
1,0.5564023778954129,0.959809750482654,1,0
1,0.5231890839677951,0.9416087887873635,1,0
0,0.3839352724084527,0.07766802253609499,0,0
0,0.4246528584513774,0.04983380390512406,0,0
0,0.4560047325421469,0.04967146685123583,0,0
1,0.40362092352066264,0.9609044011573292,1,0
0,0.39432212165187813,0.7613019677404168,1,0
0,0.35988077119108713,0.6588002379954715,1,0
0,0.3657976377808556,0.04951450778501715,0,0
1,0.5772444959354631,0.960906514569115,1,0
0,0.3899077549050634,0.06533803374132012,0,0
0,0.3917777981386711,0.907315311860227,1,0
0,0.4155937915394523,0.04969472286301423,0,0
0,0.37468400106564737,0.049834641735744444,0,0
1,0.4309722878662875,0.9098182799088665,1,0
0,0.3567413526648815,0.5487311851358457,0,0
0,0.5164720046831167,0.049483050525605775,0,0
1,0.4681735629216815,0.9607460034481243,1,0
1,0.41901909491613737,0.6916670845306997,1,0
1,0.397269526579275,0.9610065590237508,1,0
0,0.3930668153814705,0.04951841198703052,0,0
0,0.38991164960698743,0.04996456245333579,0,0
1,0.3563633833184971,0.9609167283048538,1,0
0,0.4787776159566359,0.049600375132963656,0,0
1,0.42116656676542535,0.9382061749807694,1,0
1,0.62899462524243,0.9334559752161735,1,0
0,0.47517446797121604,0.4217551933272492,-1,1
1,0.4410175411348536,0.9610051537815595,1,0
1,0.39762934328837635,0.9609616537851179,1,0
0,0.41049880579584247,0.04964014245074985,0,0
1,0.46377494475844816,0.26418812632805794,0,0
1,0.513161284249172,0.9609553308357094,1,0
0,0.48684533718814577,0.05774010674269104,0,0
0,0.47225853658355044,0.11937347198387668,0,0
0,0.4150764099071421,0.0595971342507897,0,0
1,0.5710001612526672,0.9533178766042366,1,0
1,0.4871604143823103,0.09959913348129716,0,0
1,0.4781986150416042,0.9610544153678083,1,0
1,0.5697666752474747,0.093110557123927,0,0
0,0.3630817589725678,0.23381169325374992,-1,1
0,0.3736570553142409,0.05042102087652172,0,0
1,0.5436199093941227,0.9610001257946794,1,0
1,0.46187273910815957,0.9608055778264287,1,0
0,0.3988849159548539,0.04949733396882925,0,0
1,0.5008750690667495,0.9559521306754366,1,0
0,0.3833306864598792,0.04970067986183072,0,0
0,0.37070219142849703,0.04999290485629965,0,0
1,0.5264254353297096,0.7867922658607512,1,0
0,0.5027990328713609,0.05276920201112779,0,0
1,0.4751940248915612,0.8347965803535784,1,0
0,0.40485344844780585,0.04945667898226861,0,0
1,0.6311283647037945,0.9609590129183078,1,0
0,0.575676488197702,0.04963184791390943,0,0
1,0.3561111161164891,0.9608307848658765,1,0
1,0.508072353261274,0.9113342172683907,1,0
1,0.4539786367295607,0.9606562523442587,1,0
0,0.4284127786080133,0.050968798029543065,0,0
0,0.408774968372072,0.04960023927693109,0,0
1,0.5983062024035499,0.9610183561344733,1,0
0,0.42071837296190273,0.06653134984264526,0,0
1,0.5125649087528403,0.9611020829308569,1,0
0,0.4236055402272132,0.050049914313625696,0,0
0,0.6013043834131637,0.04960603194652847,0,0
1,0.4736959828775217,0.9609281840703379,1,0
1,0.6342281988279359,0.5682308006721094,-1,1
1,0.4747632307912719,0.9609093593583116,1,0
1,0.5680017461597417,0.9027950127780408,1,0
1,0.5930844889532155,0.9604082160018254,1,0
1,0.5289620423545767,0.9340559991092698,1,0
1,0.5372681351840628,0.9600405635565561,1,0
1,0.38425927576672414,0.9570947999507317,1,0
0,0.4253310799808548,0.050356081669314434,0,0
0,0.5325502807541653,0.04957534280521134,0,0
1,0.4922230664232474,0.9610790523796657,1,0
1,0.3873997453564962,0.9609207438170708,1,0
0,0.3890109191253676,0.2569325942461903,-1,1
0,0.4454857140601846,0.05365935088228043,0,0
0,0.41197609328270113,0.04958865742505021,0,0
1,0.45073856112968297,0.9609367668065647,1,0
0,0.4427572074061718,0.09293910711455805,0,0
1,0.5379686040315309,0.9603788255848862,1,0
1,0.5907874311946701,0.9610337351337923,1,0
1,0.4157417652288028,0.9610232911631693,1,0
1,0.407453265107245,0.0891284556655742,0,0
0,0.35819463411379265,0.04984206530517486,0,0
1,0.43179110381636954,0.9157934356651424,1,0
1,0.4706109532299783,0.9608400208758994,1,0
1,0.4173290462592185,0.960924180559272,1,0
1,0.47242724924828283,0.960934214250694,1,0
1,0.4089541339718652,0.9563766337093372,1,0
1,0.5334927166721937,0.9606018305636944,1,0
0,0.38005735649479283,0.04988626700660514,0,0
0,0.48512609064912127,0.061492443414648885,0,0
0,0.4428776822404848,0.04957670418574629,0,0
1,0.39430269753492636,0.9607989452396055,1,0
0,0.4172889523723813,0.06471631524627262,0,0
0,0.48637391442556044,0.2830658466828133,0,0
1,0.3915082463265565,0.9610050283619489,1,0
0,0.5342528832375313,0.0496520343882367,0,0
0,0.46152288970316935,0.07479976962226638,0,0
1,0.3722082450737198,0.19630646035326307,0,0
0,0.43900080358107696,0.14929085583050075,0,0
1,0.41734753300265853,0.960843061060451,1,0
1,0.4699084869477176,0.9603771140206185,1,0
1,0.3868350389977831,0.9317231957498384,1,0
0,0.44758487960978194,0.1427117600407831,0,0
0,0.5540084104713932,0.059580402485687044,0,0
0,0.49703643806934145,0.04985721384420532,0,0
0,0.42959116008899195,0.06445713427906075,0,0
1,0.6232569002022005,0.6661044991614152,-1,1
1,0.5798669418836928,0.961002221012302,1,0
1,0.6440179724085899,0.9608621877635697,1,0
1,0.6454435966753286,0.9610627493939807,1,0
0,0.6045345204843346,0.15130224399251208,0,0
1,0.5685933907517015,0.9607292144518832,1,0
1,0.36668104468455853,0.9610303588910425,1,0
1,0.49440725611737235,0.6663558550735105,1,0
0,0.5402308065767493,0.190987310572509,0,0
0,0.5046741237445495,0.34049143563111045,0,0
1,0.5421075107730142,0.9265030133747549,1,0
0,0.46379381343271747,0.049548523902232786,0,0
0,0.497351889512804,0.04949531380063951,0,0
0,0.632144548232537,0.050126037215058095,0,0
1,0.6107492974192411,0.960721910527878,1,0
1,0.4064363798218838,0.9609385854926626,1,0
1,0.5834666651574506,0.9607981112716208,1,0
1,0.5402274814743785,0.368035360547491,0,0
0,0.41370672836763994,0.05379278329990428,0,0
1,0.6100269551858213,0.9601907894453271,1,0
1,0.5514708513136133,0.2913699903456301,0,0
1,0.5974452291334433,0.1113560954796845,0,0
0,0.35989813164542994,0.7443516962973764,1,0
0,0.4012029184153578,0.06613900029171378,0,0
0,0.43601003980498093,0.05897612014825558,0,0
1,0.4552108585311663,0.9609328995229379,1,0
0,0.43973707632588055,0.10876038615093038,0,0
1,0.5265025935625844,0.9326037623729252,1,0
1,0.4718305037565912,0.6026001542705334,-1,1
0,0.38459012831913925,0.055048851377702,0,0
1,0.6046244577370604,0.9608049460611565,1,0
1,0.5190216442595924,0.9608542291770396,1,0
0,0.5362306817713183,0.09495779449020053,0,0
0,0.5796881116828201,0.04956949751217691,0,0
1,0.6347878844903402,0.9525894811946845,1,0
0,0.4765159121199212,0.9127544615400031,1,0
1,0.4933775849715083,0.9610786075379919,1,0
0,0.40876615388230775,0.1626655544698915,0,0
0,0.38894898767524205,0.05388900754876308,0,0
1,0.5306204647127436,0.9609979288741618,1,0
1,0.5380922285036386,0.9608932498834077,1,0
0,0.6367368455997936,0.7302177458037437,-1,1
0,0.39970160848703323,0.049478937234729764,0,0
1,0.5346453215379545,0.9520125657652954,1,0
0,0.3863534380299882,0.05017562592942624,0,0
1,0.6096049357395605,0.9338494583310016,1,0
1,0.5481353487646848,0.32830660360261754,0,0
1,0.4400084047067253,0.9608987311695569,1,0
0,0.4332644489428112,0.057219776236855126,0,0
1,0.4440062323978217,0.9471532526503613,1,0
1,0.41327831290763134,0.9609032604315475,1,0
1,0.4423153020454062,0.4174508328047756,-1,1
0,0.39111886211829017,0.04968280719582824,0,0
0,0.3731985983124753,0.37939863430344345,-1,1
0,0.4396279872712124,0.04950215035295753,0,0
1,0.5549174756010558,0.9610421302712717,1,0
0,0.5315921008345877,0.8967963052283231,1,0
1,0.5346319230179912,0.21955612371006852,0,0
0,0.4172433619904109,0.04962292860422929,0,0
0,0.38232091448037153,0.15147557931906408,0,0
1,0.5289119331743969,0.9610328740391872,1,0
1,0.35850227679733343,0.9608852785616766,1,0
0,0.4368057712743921,0.049508952154041636,0,0
1,0.34981369263811335,0.9609909000165058,1,0
0,0.5936265026930835,0.04967906891863041,0,0
1,0.4258026038830217,0.9505145572704653,1,0
0,0.4152888257064422,0.06164127785674732,0,0
0,0.4791799798176614,0.6141163620548462,-1,1
1,0.4449925011858838,0.9361794477970812,1,0
0,0.3821305178670231,0.04946716676854754,0,0
0,0.5187166866424734,0.04950612430271865,0,0
0,0.5321175885295202,0.049519663760870934,0,0
0,0.5195486025519187,0.050441626887760535,0,0
1,0.4648413419727801,0.961019675672071,1,0
1,0.4009995994338696,0.2656832829881849,-1,1
1,0.3973631997625637,0.888581666887923,1,0
1,0.4166455702725256,0.9611160017425776,1,0
1,0.6411337825199387,0.9610622973883979,1,0
1,0.4865050644279591,0.9595448364094765,1,0
1,0.6123765197690223,0.19707434395262177,0,0
0,0.5235381714040619,0.06591289116372903,0,0
0,0.3644565753045302,0.10632252582134107,0,0
1,0.4920583643852527,0.9609028410833511,1,0
0,0.37520136944422594,0.22276276252753954,0,0
0,0.4263337818547953,0.04962116336679129,0,0
1,0.6341281795670825,0.9609005286614485,1,0
0,0.3714283436020694,0.08543760389360537,0,0
0,0.5096290238620154,0.07405934438794876,0,0
1,0.38657897823412507,0.12046503208398347,0,0
1,0.5719960477831841,0.9608218089487973,1,0
1,0.39843736613569214,0.9606431313860736,1,0
1,0.4812917245721711,0.85723762767468,1,0
1,0.6370880636198887,0.9590512256893474,1,0
1,0.4584599786825678,0.6274970187050916,1,0
1,0.45354988845745325,0.9609872753464445,1,0
1,0.4017998792977323,0.9609832739830773,1,0
1,0.5173826684725035,0.8764711216893553,1,0
1,0.5329831322864416,0.9608295751463193,1,0
0,0.40688430876439796,0.051566445032278745,0,0
0,0.5248881184003151,0.050040005326870154,0,0
1,0.5184089045681741,0.9579569363020114,1,0
0,0.45472187500379696,0.04966723751115532,0,0
1,0.4516078055621438,0.9609507825361061,1,0
0,0.5676416818705176,0.8910792614093158,1,0
0,0.5258915698971942,0.060065364901240224,0,0
1,0.40690145817663975,0.958450882849273,1,0
0,0.5467938381119852,0.3739585825831989,0,0
1,0.3990353482800497,0.9610916401367324,1,0
1,0.5043723688779053,0.9586543966886801,1,0
0,0.5188991502096284,0.20242763022246757,0,0
1,0.5531465318400828,0.5808485313729583,-1,1
1,0.5558713543971993,0.9281300211921583,1,0
0,0.37910533151549947,0.08235266246999057,0,0
1,0.36942528777236283,0.39140590130782155,-1,1
0,0.4415888152202993,0.07070781105737907,0,0
1,0.4039087953350722,0.06986915970913679,0,0
0,0.3955808744930225,0.15784707591003597,0,0
1,0.4655289189403566,0.9608314842652634,1,0
0,0.38192562701656135,0.05502563074333963,0,0
0,0.3765842103312805,0.049474732428033026,0,0
0,0.3996961561473563,0.22070049375177694,0,0
1,0.4609484281075433,0.9483376000007301,1,0
1,0.5179581252811681,0.1279832624444808,0,0
1,0.36653418488060047,0.9609991084047534,1,0
1,0.3559697362257942,0.9270099212630085,1,0
0,0.5085933724677605,0.04943359259872347,0,0
0,0.3518285240015886,0.07659205809485405,0,0
1,0.46922353960113883,0.618159492149844,-1,1
0,0.4268903171690466,0.08115523612047909,0,0
0,0.435478210940981,0.04980199288003589,0,0
1,0.5722214828283513,0.917566743800714,1,0
1,0.39119900135696517,0.6128913183824827,1,0
0,0.37410631326890903,0.06428938234724893,0,0
0,0.36847005817071216,0.04975685893931057,0,0
0,0.5479408802358479,0.21300120309672593,0,0
1,0.4068784301981959,0.9586516053852637,1,0
0,0.49302144829793243,0.0552816942062265,0,0
1,0.3908552221229229,0.4706819570235183,-1,1
0,0.43198505750850025,0.28761222792184393,-1,1
1,0.6481088320837267,0.8321678541680314,1,0
0,0.40289627381288934,0.049518875338767296,0,0
0,0.5288979843730124,0.6846369887253134,1,0
0,0.5485125440965998,0.08166967650602862,0,0
1,0.4200694987536099,0.933309503430831,1,0
0,0.4005462994438466,0.31978626484253175,-1,1
0,0.43999742193795394,0.04966940068825928,0,0
1,0.46510933070650307,0.7172285129592944,1,0
0,0.46396337132246757,0.083678636877211,0,0
1,0.5290088533533428,0.9605827108974313,1,0
0,0.3958713797092256,0.05058877554513524,0,0
0,0.3912494219811359,0.049697394705999785,0,0
0,0.5775679035479567,0.049505872218778106,0,0
1,0.44191991637105055,0.9608748460183452,1,0
1,0.4886970525476892,0.9606042488763772,1,0
0,0.46172752240402365,0.049424192619992764,0,0
1,0.36635405226193685,0.9609641629824834,1,0
0,0.6285744724212705,0.049604601598712536,0,0
1,0.6116271638168885,0.2803144039157754,0,0
0,0.41752572141534816,0.08437073110813757,0,0
1,0.45685569738815457,0.46323835924833573,-1,1
1,0.41117623031617073,0.9596090540251077,1,0
1,0.422462326910882,0.9177329376226844,1,0
0,0.4838071322944868,0.04950254063756648,0,0
1,0.3884372358615276,0.9609467526147051,1,0
1,0.4617622025467543,0.9610147684929055,1,0
0,0.43522045235226203,0.049409081355659405,0,0
0,0.5407198975227047,0.47546978937965695,-1,1
1,0.5569918878911226,0.9609276984694496,1,0
1,0.3974824832212162,0.4891451806509295,-1,1
1,0.38340084383027884,0.9607850846786732,1,0
0,0.37163949056305234,0.35391172815116134,-1,1
0,0.43446121702749774,0.04964163304951849,0,0
1,0.38575501161936143,0.9609786464207478,1,0
1,0.6194270301106892,0.6878486701640998,-1,1
1,0.39973795501144843,0.958317487301119,1,0
1,0.5518035952708439,0.9526301906881693,1,0
0,0.3699949516678181,0.0499197892057361,0,0
1,0.41951306825561224,0.9610074568242671,1,0
0,0.4053778000136113,0.050129992691941544,0,0
1,0.4942765682622768,0.9610546118660717,1,0
0,0.3701706215957365,0.06738982420114442,0,0
0,0.4115022624850834,0.10711832212782164,0,0
1,0.6225205455813153,0.7615908689977103,-1,1
0,0.3885408035318589,0.050041362282233354,0,0
0,0.38084191463020306,0.04944662947675394,0,0
0,0.3820161078202476,0.0494758404444627,0,0
0,0.37434571521708926,0.049529726758190964,0,0
1,0.4451274420093468,0.6811138362817165,1,0
1,0.5704774278607453,0.9607579864289807,1,0
1,0.5157835538720982,0.9554325506876701,1,0
0,0.39437592234018387,0.04965378674178207,0,0
0,0.5486082516477067,0.05020671965612483,0,0
1,0.3870212993996466,0.9608358651025949,1,0
0,0.35411001251082325,0.061542996587221226,0,0
0,0.39390161000009677,0.049532134599246075,0,0
1,0.5250654907375462,0.9607995150170289,1,0
1,0.5183285006468134,0.9606208832193213,1,0
0,0.38301919287781644,0.04957218801393397,0,0
0,0.5399081227531304,0.049856496319287874,0,0
1,0.5284024885296389,0.34183939963620896,0,0
0,0.3804904636099574,0.04946737457023157,0,0
0,0.39031579322073573,0.049686776489318164,0,0
1,0.6363021022101587,0.2844402555676929,0,0
1,0.45892066303059886,0.9608958235890921,1,0
1,0.46168170813092335,0.9609803666691428,1,0
0,0.5430209942650044,0.0497275027242375,0,0
0,0.4586563269984703,0.13127255799410661,0,0
1,0.39680549288646316,0.7933518326156566,1,0
0,0.43176746874250266,0.04944379731393879,0,0
0,0.5532697495557245,0.15628637741321255,0,0
1,0.4294171303906828,0.9607845248552408,1,0
0,0.45912941342974334,0.04984833894839958,0,0
1,0.40735423503145163,0.9608487396275643,1,0
0,0.3907869374096067,0.050070150032007,0,0
1,0.5781066261177996,0.9068757534488043,1,0
0,0.47687525909416356,0.0498476448571866,0,0
1,0.45354264944834555,0.9608207606844731,1,0
0,0.4860019561519272,0.04968405515921981,0,0
0,0.5120276783547536,0.18189560770089874,0,0
0,0.42453785605226857,0.05289142269533978,0,0
0,0.4634087239278832,0.057252530244456735,0,0
0,0.45077988641721867,0.049517441558055084,0,0
0,0.588623866416753,0.28886266309446257,0,0
0,0.3564741202530085,0.04963163716096103,0,0
0,0.3566266443348358,0.04948043041935339,0,0
1,0.6322698022015852,0.9608807327867412,1,0
0,0.3898714412173111,0.04973547596583003,0,0
1,0.38253018004064615,0.9470043980181847,1,0
0,0.4582695631652925,0.04973603393846202,0,0
1,0.3878145608898943,0.7560635106310424,1,0
0,0.35334073094856255,0.049512686775606406,0,0
1,0.3811842145079877,0.9606238508209898,1,0
0,0.38144511996439956,0.04965625871566857,0,0
1,0.5334303594063183,0.9607398581385224,1,0
1,0.4385643039699906,0.6193566423261047,1,0
0,0.35954181428641896,0.33004225554871347,-1,1
1,0.6084840651442379,0.9029399503358807,1,0
0,0.4034759049044356,0.533120979106972,-1,1
1,0.6062341776012239,0.9607002384034281,1,0
0,0.37086426295698455,0.05111694450485737,0,0
0,0.4108130077575978,0.3048301411130946,-1,1
0,0.4711465431145738,0.4341948808850431,-1,1
0,0.5178652197293884,0.049539739742547204,0,0
0,0.6310503227737982,0.04972229155226718,0,0
1,0.4530435258450734,0.9553897303890457,1,0
1,0.6183597306577715,0.9608207121613974,1,0
0,0.5853416105657672,0.05540180619539923,0,0
1,0.5198351427452218,0.9610185041568453,1,0
0,0.45097574116075906,0.049442832218763236,0,0
0,0.5200536654997026,0.6533190093995165,-1,1
0,0.443067158201439,0.5430076884699684,-1,1
1,0.4080925984559854,0.398578275655701,-1,1
0,0.39143297663837046,0.05199198201982191,0,0
0,0.4300240126119036,0.04949604201174704,0,0
1,0.5973673696898758,0.9551280131113002,1,0
1,0.5249560635049512,0.9608170246449824,1,0
0,0.4023222270548769,0.9364296914029634,1,0
0,0.38092835968297695,0.04949860734855101,0,0
0,0.42205276795421776,0.04978351854399131,0,0
0,0.4102732078589191,0.16184237076117303,0,0
1,0.4520323742871387,0.9610544509525979,1,0
1,0.4868955515955334,0.9410549793100274,1,0
1,0.4144381984868394,0.9553665975086288,1,0
0,0.4972992554889328,0.049458402355410165,0,0
1,0.4370500900422959,0.9164283080064861,1,0
1,0.3830014833194272,0.9608744979005076,1,0
0,0.4754445631489044,0.049666198142211036,0,0
1,0.3850113677945095,0.9580259581872418,1,0
0,0.36022278769254285,0.15663002282514255,0,0
0,0.39151888307088656,0.04990517225475378,0,0
1,0.5765467868825452,0.9607228440852829,1,0
1,0.6416312439211596,0.9606046680445715,1,0
1,0.5790421105954011,0.8421760713859362,1,0
1,0.6416126518922957,0.9606617449493758,1,0
0,0.5603796289716045,0.9467292933066206,1,0
0,0.41617564958046027,0.04974168912877349,0,0
1,0.5687346996899486,0.9610558560191962,1,0
0,0.44635489323824773,0.049580574134656365,0,0
0,0.5393696941196949,0.049803492758932956,0,0
1,0.5681951134200873,0.9582530294869237,1,0
0,0.5311432397615364,0.04952507476197531,0,0
0,0.3622807856695566,0.39876961326955435,-1,1
0,0.42842394488603697,0.29170895835694005,-1,1
0,0.4698759458587487,0.9409144663613555,1,0
1,0.5229139230275136,0.9609668735314739,1,0
1,0.41097992479683,0.9609999187518863,1,0
1,0.53588465508546,0.9508313682480581,1,0
0,0.588200087502007,0.05412027107835834,0,0
1,0.3537667671004615,0.9607323033408097,1,0
0,0.5041628498596773,0.05280308712390128,0,0
1,0.42721202612399534,0.9606461644309532,1,0
0,0.3529459861759564,0.6054914916306906,0,0
0,0.4514973254153874,0.14131052598271499,0,0
1,0.40149078869680516,0.9609610531725497,1,0
0,0.3768806990307545,0.06410880024723928,0,0
0,0.4991051061463928,0.37114367386778385,-1,1
0,0.44262383810664074,0.04951874897520125,0,0
0,0.412872998044165,0.04951629436049149,0,0
1,0.39016044654160054,0.9610353986800372,1,0
1,0.5412947671046642,0.9610493789782193,1,0
0,0.4702454608883786,0.04964354560960347,0,0
1,0.4679562854910444,0.9611399259341524,1,0
1,0.4736496941813259,0.84814381229776,1,0
1,0.428432494262433,0.9609815476971797,1,0
1,0.6362341182109147,0.9255814401403895,1,0
0,0.37630228063072746,0.049460156819381325,0,0
1,0.4972902422986189,0.9610925644169976,1,0
0,0.4206506008925676,0.049530604027113304,0,0
0,0.4512223608296522,0.06031245927629474,0,0
1,0.5157479158377498,0.960750520064812,1,0
1,0.4448705673451432,0.9608390044922748,1,0
1,0.543497584934287,0.9610668275851193,1,0
1,0.525890166506559,0.9609669108078569,1,0
0,0.6269228593921027,0.049467821440698785,0,0
0,0.42381638135859806,0.0497785044745545,0,0
0,0.5662584225667264,0.04946584246370626,0,0
0,0.46062741356494596,0.04945120189085848,0,0
0,0.36848059626875274,0.05211130026587173,0,0
0,0.5260115203530825,0.049826795790037244,0,0
1,0.5522609178257608,0.9607475831597915,1,0
1,0.3710479705969468,0.785162986504609,1,0
0,0.3900306460745745,0.04947774354749278,0,0
0,0.42097866325677236,0.056716624183581796,0,0
0,0.4116655748490468,0.538536821279738,-1,1
0,0.38372577432801475,0.35286127945638907,-1,1
0,0.5059258257151021,0.04942664863434469,0,0
0,0.43588275211340555,0.05356585109025553,0,0
1,0.5018953116345771,0.3021873709151432,0,0
1,0.41082465257369577,0.9305933756779581,1,0
0,0.5767758504552347,0.1241907458272646,0,0
1,0.4554900753302988,0.9543829957371932,1,0
1,0.37320172094388127,0.9610291667940584,1,0
0,0.4564066035392657,0.0652518222866528,0,0
0,0.46264659940096625,0.04959507570996694,0,0
1,0.3578941262171851,0.5233053417423547,0,0
1,0.6347612217223833,0.9608946023433291,1,0
1,0.5647238302125782,0.9606392985504499,1,0
1,0.42199158870306763,0.9610297529055295,1,0
1,0.3911496291674556,0.47170387671523795,-1,1
0,0.5829326045280646,0.08154927012399364,0,0
0,0.46712891379013405,0.04977664578696015,0,0
0,0.5283491695741208,0.04966813929333765,0,0
0,0.37180819426681777,0.12137057766115836,0,0
1,0.6394346331842977,0.5479880870925289,-1,1
1,0.42998297924767215,0.634237778182118,1,0
1,0.38849574949953075,0.16982111378993228,0,0
1,0.5608914982952189,0.9609180610111617,1,0
1,0.49545457230220313,0.9610522917434378,1,0
0,0.45775822008114486,0.8415354731449363,1,0
1,0.5069117423788485,0.4754061414708202,-1,1
0,0.3766665711975883,0.05013313804032701,0,0
1,0.3497211921829104,0.9610227495318581,1,0
0,0.4367365195129335,0.04955943952342545,0,0
1,0.6081863221789781,0.9609419676627211,1,0
1,0.553055195361076,0.9610687532800919,1,0
1,0.383119614326135,0.9609838224545681,1,0
0,0.39904861820985016,0.05076871559248655,0,0
1,0.4303160558399449,0.960960975716132,1,0
0,0.36724172774343095,0.049640558993319366,0,0
0,0.4840464828403649,0.04980249374713059,0,0
0,0.39175622974997565,0.04940038163836464,0,0
0,0.525899610938352,0.09030746137322568,0,0
1,0.5678659045072363,0.9509433393585103,1,0
1,0.5878260107344644,0.9079691616696538,1,0
0,0.49549672671509115,0.30521411989726244,0,0
0,0.4420603800996728,0.4360438727154782,-1,1
1,0.5111650760558692,0.8880495968664989,1,0
0,0.4067541146378901,0.06094188565062242,0,0
1,0.40167599602955684,0.9609339752371838,1,0
1,0.5875767357134017,0.9609935636851733,1,0
0,0.4625937664056844,0.6875122515968256,1,0
0,0.3787703578665627,0.049582246741081755,0,0
0,0.39931282096591564,0.04953012975609891,0,0
1,0.5367396323843026,0.9609007281832437,1,0
0,0.3963831652489483,0.13350408515841136,0,0
0,0.38756756395279707,0.04964584813607981,0,0
1,0.431677382118477,0.9608846448125974,1,0
0,0.40052548393030185,0.1108915612783226,0,0
1,0.3741710266131904,0.9609581522222332,1,0
1,0.5914374261086978,0.9608337515293452,1,0
1,0.40549519796952677,0.94947558160418,1,0
1,0.5950789720867802,0.9103003819882056,1,0
1,0.4100791722940055,0.944217966411067,1,0
0,0.48637697368423144,0.08618027931722808,0,0
0,0.5791039975797774,0.04959328506764967,0,0
1,0.4989420279027651,0.9609960081376386,1,0
1,0.5205673059991982,0.9607219552037737,1,0
1,0.4060988783862778,0.9606012011428964,1,0
0,0.4593192221528049,0.049729383328873576,0,0
0,0.39166160117527676,0.0496010278528458,0,0
0,0.4538368725208389,0.10062179004394044,0,0
0,0.3643129167825666,0.04950182997458065,0,0
0,0.47113113483919866,0.18401130946949212,0,0
